dates,pollster_client,sample_size,conservative,labour,liberal_democrat,united_kingdom_independence_party,green,others,lead,year
7 May,General Election results (GB only)[7][8],–,37.8%,31.2%,8.1%,12.9%,3.8%,6.3%,6.6%,2015
5–7 May,Populus[9],3917,34%,34%,9%,13%,5%,6%,Tie,2015
6 May,Survation[10](unpublished),1045,37%,31%,10%,11%,5%,6%,6%,2015
30 Apr–6 May,SurveyMonkey[11],18131,34%,28%,7%,13%,8%,9%,6%,2015
5–6 May,Lord Ashcroft,3028,33%,33%,10%,11%,6%,8%,Tie,2015
5–6 May,Ipsos MORI/Evening Standard,1186,36%,35%,8%,11%,5%,5%,1%,2015
4–6 May,YouGov/The Sun,10307,34%,34%,10%,12%,4%,6%,Tie,2015
5–6 May,"ComRes/Daily Mail, ITV News",1007,35%,34%,9%,12%,4%,6%,1%,2015
4–6 May,Survation/Daily Mirror[n 1],4088,31%,31%,10%,16%,5%,7%,Tie,2015
3–6 May,ICM/The Guardian[n 2],2023,34%,35%,9%,11%,4%,7%,1%,2015
3–6 May,ICM/The Guardian[n 3],1560,35%,35%,9%,11%,3%,7%,Tie,2015
1–6 May,Panelbase[12],3019,31%,33%,8%,16%,5%,7%,2%,2015
4–5 May,Opinium,2960,35%,34%,8%,12%,6%,5%,1%,2015
4–5 May,YouGov/The Sun,2148,34%,34%,9%,12%,5%,6%,Tie,2015
4–5 May,Survation/Daily Mirror,1504,33%,34%,9%,16%,4%,4%,1%,2015
3–5 May,"ComRes/Daily Mail, ITV News",1011,35%,32%,9%,14%,4%,6%,3%,2015
3–5 May,"BMG/May2015.com, New Statesman",1009,34%,34%,10%,12%,4%,6%,Tie,2015
3–4 May,YouGov/The Sun,1664,33%,33%,10%,12%,5%,6%,Tie,2015
30 Apr–4 May,TNS,1185,33%,32%,8%,14%,6%,6%,1%,2015
2–3 May,YouGov/The Sun,1789,34%,33%,9%,12%,5%,7%,1%,2015
1–3 May,Lord Ashcroft,1001,32%,30%,11%,12%,7%,9%,2%,2015
1–3 May,Populus,2054,34%,34%,10%,13%,5%,5%,Tie,2015
1–2 May,YouGov/Sunday Times,1967,34%,33%,8%,13%,5%,7%,1%,2015
1–2 May,Survation/Mail on Sunday,2128,31%,34%,8%,17%,4%,6%,3%,2015
30 Apr–1 May,YouGov/The Sun,1575,33%,34%,8%,14%,5%,5%,1%,2015
30 Apr–1 May,Survation/Daily Mirror,1117,33%,34%,9%,16%,3%,5%,1%,2015
30 Apr,"Question Time featuring David Cameron, Nick Clegg and Ed Miliband broadcast on BBC One; Ask Nicola Sturgeon, Ask Leanne Wood and Ask Nigel Farage programmes also shown","Question Time featuring David Cameron, Nick Clegg and Ed Miliband broadcast on BBC One; Ask Nicola Sturgeon, Ask Leanne Wood and Ask Nigel Farage programmes also shown","Question Time featuring David Cameron, Nick Clegg and Ed Miliband broadcast on BBC One; Ask Nicola Sturgeon, Ask Leanne Wood and Ask Nigel Farage programmes also shown","Question Time featuring David Cameron, Nick Clegg and Ed Miliband broadcast on BBC One; Ask Nicola Sturgeon, Ask Leanne Wood and Ask Nigel Farage programmes also shown","Question Time featuring David Cameron, Nick Clegg and Ed Miliband broadcast on BBC One; Ask Nicola Sturgeon, Ask Leanne Wood and Ask Nigel Farage programmes also shown","Question Time featuring David Cameron, Nick Clegg and Ed Miliband broadcast on BBC One; Ask Nicola Sturgeon, Ask Leanne Wood and Ask Nigel Farage programmes also shown","Question Time featuring David Cameron, Nick Clegg and Ed Miliband broadcast on BBC One; Ask Nicola Sturgeon, Ask Leanne Wood and Ask Nigel Farage programmes also shown","Question Time featuring David Cameron, Nick Clegg and Ed Miliband broadcast on BBC One; Ask Nicola Sturgeon, Ask Leanne Wood and Ask Nigel Farage programmes also shown","Question Time featuring David Cameron, Nick Clegg and Ed Miliband broadcast on BBC One; Ask Nicola Sturgeon, Ask Leanne Wood and Ask Nigel Farage programmes also shown",2015
29–30 Apr,YouGov/Sun on Sunday,1970,34%,35%,9%,12%,5%,6%,1%,2015
29–30 Apr,Populus,2016,33%,33%,9%,15%,4%,5%,Tie,2015
29–30 Apr,YouGov/The Sun,1729,34%,35%,8%,12%,5%,6%,1%,2015
29–30 Apr,Panelbase,1020,32%,34%,8%,17%,4%,7%,2%,2015
28–30 Apr,"ComRes/Independent on Sunday, Sunday Mirror",1002,33%,33%,8%,13%,7%,6%,Tie,2015
28–30 Apr,Opinium/The Observer,1956,35%,34%,8%,13%,5%,5%,1%,2015
28–29 Apr,YouGov/The Sun,1823,35%,34%,9%,12%,4%,6%,1%,2015
26–29 Apr,Ipsos MORI/Evening Standard,1010,35%,30%,8%,10%,8%,9%,5%,2015
27–28 Apr,"ComRes/ITV News, Daily Mail",1005,35%,35%,7%,11%,6%,6%,Tie,2015
27–28 Apr,YouGov/The Sun,1749,34%,35%,9%,12%,4%,6%,1%,2015
26–27 Apr,YouGov/The Sun,2127,35%,34%,9%,12%,5%,6%,1%,2015
25–27 Apr,BMG/May2015.com[13],1013,35%,32%,11%,14%,3%,5%,3%,2015
23–27 Apr,TNS,1186,34%,33%,7%,15%,5%,5%,1%,2015
25–26 Apr,YouGov/The Sun,2096,33%,34%,8%,14%,5%,6%,1%,2015
24–26 Apr,Lord Ashcroft,1003,36%,30%,9%,11%,7%,7%,6%,2015
24–26 Apr,ICM/The Guardian,1004,35%,32%,9%,13%,5%,6%,3%,2015
24–26 Apr,Populus,2072,33%,36%,8%,14%,5%,4%,3%,2015
24–25 Apr,YouGov/Sunday Times,2271,32%,34%,9%,14%,6%,5%,2%,2015
24–25 Apr,Survation/Mail on Sunday,1004,33%,30%,9%,18%,4%,6%,3%,2015
23–24 Apr,YouGov/The Sun,1594,33%,35%,8%,13%,6%,5%,2%,2015
21–24 Apr,Opinium/The Observer,1964,34%,33%,9%,13%,6%,5%,1%,2015
22–23 Apr,Populus,2051,32%,35%,8%,14%,5%,6%,3%,2015
22–23 Apr,YouGov/The Sun,1834,33%,35%,8%,13%,6%,6%,2%,2015
22–23 Apr,Survation/Daily Mirror,1205,33%,29%,10%,18%,4%,6%,4%,2015
21–23 Apr,Panelbase,1012,31%,34%,7%,17%,4%,7%,3%,2015
21–22 Apr,"ComRes/ITV News, Daily Mail",1003,36%,32%,8%,10%,5%,9%,4%,2015
21–22 Apr,YouGov/The Sun,2060,33%,34%,7%,14%,5%,6%,1%,2015
20–21 Apr,YouGov/The Sun,1799,35%,34%,7%,13%,5%,6%,1%,2015
19–20 Apr,YouGov/The Sun,2078,34%,35%,7%,13%,5%,6%,1%,2015
16–20 Apr,TNS,1199,32%,34%,8%,15%,5%,6%,2%,2015
18–19 Apr,YouGov/The Sun,1675,34%,35%,8%,13%,5%,6%,1%,2015
17–19 Apr,Lord Ashcroft,1002,34%,30%,10%,13%,4%,9%,4%,2015
17–19 Apr,Populus[permanent dead link],2048,32%,34%,9%,15%,4%,6%,2%,2015
17–19 Apr,ICM/The Guardian,1003,34%,32%,10%,11%,5%,8%,2%,2015
17–18 Apr,YouGov/Sunday Times,1780,33%,36%,8%,13%,5%,5%,3%,2015
16–17 Apr,Opinium/The Observer,1955,36%,32%,8%,13%,5%,6%,4%,2015
16–17 Apr,YouGov/The Sun,1713,34%,34%,9%,14%,5%,5%,Tie,2015
16–17 Apr,Survation/Daily Mirror,1314,34%,33%,7%,17%,3%,6%,1%,2015
16 Apr,Five-way Opposition Leaders' Debate held on BBC One,Five-way Opposition Leaders' Debate held on BBC One,Five-way Opposition Leaders' Debate held on BBC One,Five-way Opposition Leaders' Debate held on BBC One,Five-way Opposition Leaders' Debate held on BBC One,Five-way Opposition Leaders' Debate held on BBC One,Five-way Opposition Leaders' Debate held on BBC One,Five-way Opposition Leaders' Debate held on BBC One,Five-way Opposition Leaders' Debate held on BBC One,2015
15–16 Apr,Populus,2048,33%,34%,9%,14%,4%,5%,1%,2015
15–16 Apr,YouGov/The Sun,1939,34%,34%,7%,14%,5%,6%,Tie,2015
14–16 Apr,Panelbase,1025,33%,34%,8%,16%,4%,5%,1%,2015
14–15 Apr,YouGov/The Sun,1894,34%,35%,8%,13%,5%,6%,1%,2015
12–15 Apr,Ipsos MORI/Evening Standard,1000,33%,35%,7%,10%,8%,7%,2%,2015
13–14 Apr,YouGov/The Sun,1842,33%,35%,8%,13%,5%,6%,2%,2015
12–13 Apr,YouGov/The Sun,2444,33%,34%,8%,13%,6%,5%,1%,2015
9–13 Apr,TNS,1192,34%,32%,9%,14%,5%,6%,2%,2015
11–12 Apr,YouGov/The Sun,1717,33%,36%,7%,13%,5%,6%,3%,2015
10–12 Apr,Lord Ashcroft,1003,33%,33%,9%,13%,6%,8%,Tie,2015
10–12 Apr,ICM/The Guardian,1042,39%,33%,8%,7%,7%,5%,6%,2015
10–12 Apr,Populus[permanent dead link],2036,33%,33%,8%,15%,5%,6%,Tie,2015
10–11 Apr,YouGov/Sunday Times,1887,34%,34%,7%,13%,6%,6%,Tie,2015
9–10 Apr,YouGov/The Sun,1782,33%,35%,8%,13%,5%,5%,2%,2015
8–9 Apr,Opinium/The Observer,1916,36%,34%,7%,11%,6%,6%,2%,2015
8–9 Apr,Populus,2020,31%,33%,8%,16%,6%,7%,2%,2015
8–9 Apr,YouGov/The Sun,1938,35%,34%,8%,12%,4%,6%,1%,2015
8–9 Apr,Survation/Daily Mirror,1111,31%,35%,9%,15%,4%,6%,4%,2015
7–9 Apr,Panelbase,1013,31%,37%,8%,16%,4%,4%,6%,2015
7–8 Apr,"ComRes/ITV News, Daily Mail",1013,34%,33%,12%,12%,4%,6%,1%,2015
7–8 Apr,YouGov/The Sun,1871,34%,35%,8%,13%,5%,5%,1%,2015
6–7 Apr,YouGov/The Sun,1672,33%,35%,8%,14%,5%,5%,2%,2015
2–7 Apr,TNS,1207,30%,33%,8%,19%,4%,7%,3%,2015
2–6 Apr,Populus,2008,31%,33%,10%,15%,4%,7%,2%,2015
3–4 Apr,YouGov/Sunday Times,1906,34%,33%,10%,13%,4%,6%,1%,2015
2–3 Apr,Opinium/The Observer,1974,33%,33%,7%,14%,7%,5%,Tie,2015
2–3 Apr,Survation/Daily Mirror,1207,31%,33%,9%,18%,3%,6%,2%,2015
2 Apr,Seven-way Leaders' Debate on ITV,Seven-way Leaders' Debate on ITV,Seven-way Leaders' Debate on ITV,Seven-way Leaders' Debate on ITV,Seven-way Leaders' Debate on ITV,Seven-way Leaders' Debate on ITV,Seven-way Leaders' Debate on ITV,Seven-way Leaders' Debate on ITV,Seven-way Leaders' Debate on ITV,2015
1–2 Apr,YouGov/The Sun,1583,37%,35%,7%,12%,5%,4%,2%,2015
31 Mar–2 Apr,Panelbase,1006,33%,33%,7%,17%,5%,5%,Tie,2015
31 Mar–1 Apr,Populus,2057,32%,34%,9%,15%,5%,5%,2%,2015
31 Mar–1 Apr,YouGov/The Sun,1678,36%,34%,8%,13%,4%,5%,2%,2015
30–31 Mar,YouGov/The Sun,1566,35%,36%,7%,12%,5%,5%,1%,2015
30 Mar,Dissolution of Parliament and the official start of the election campaign,Dissolution of Parliament and the official start of the election campaign,Dissolution of Parliament and the official start of the election campaign,Dissolution of Parliament and the official start of the election campaign,Dissolution of Parliament and the official start of the election campaign,Dissolution of Parliament and the official start of the election campaign,Dissolution of Parliament and the official start of the election campaign,Dissolution of Parliament and the official start of the election campaign,Dissolution of Parliament and the official start of the election campaign,2015
29–30 Mar,YouGov/The Sun,2001,35%,35%,8%,12%,5%,5%,Tie,2015
26–30 Mar,TNS,1197,33%,32%,8%,16%,5%,7%,1%,2015
28–29 Mar,"ComRes/ITV News, Daily Mail",1005,36%,32%,9%,12%,5%,7%,4%,2015
27–29 Mar,Lord Ashcroft,1004,36%,34%,6%,10%,7%,6%,2%,2015
27–29 Mar,Populus,2004,34%,34%,8%,15%,4%,5%,Tie,2015
27–28 Mar,YouGov/Sunday Times,1799,32%,36%,8%,13%,6%,5%,4%,2015
26 Mar,First TV election interview by Jeremy Paxman with David Cameron and Ed Miliband on Sky and Channel 4,First TV election interview by Jeremy Paxman with David Cameron and Ed Miliband on Sky and Channel 4,First TV election interview by Jeremy Paxman with David Cameron and Ed Miliband on Sky and Channel 4,First TV election interview by Jeremy Paxman with David Cameron and Ed Miliband on Sky and Channel 4,First TV election interview by Jeremy Paxman with David Cameron and Ed Miliband on Sky and Channel 4,First TV election interview by Jeremy Paxman with David Cameron and Ed Miliband on Sky and Channel 4,First TV election interview by Jeremy Paxman with David Cameron and Ed Miliband on Sky and Channel 4,First TV election interview by Jeremy Paxman with David Cameron and Ed Miliband on Sky and Channel 4,First TV election interview by Jeremy Paxman with David Cameron and Ed Miliband on Sky and Channel 4,2015
25–26 Mar,Populus,2049,31%,33%,9%,16%,5%,6%,2%,2015
25–26 Mar,YouGov/The Sun,1698,36%,34%,7%,13%,5%,5%,2%,2015
24–26 Mar,Panelbase,1007,34%,34%,5%,15%,6%,6%,Tie,2015
24–25 Mar,Opinium/The Observer,1959,34%,33%,8%,13%,7%,3%,1%,2015
24–25 Mar,YouGov/The Sun,1610,34%,35%,8%,12%,6%,5%,1%,2015
24–25 Mar,Survation/Daily Mirror,1007,32%,33%,8%,18%,4%,5%,1%,2015
23–24 Mar,YouGov/The Sun,2006,35%,35%,8%,12%,6%,4%,Tie,2015
22–23 Mar,YouGov/The Sun,1641,34%,34%,8%,12%,6%,5%,Tie,2015
18–23 Mar,YouGov/The Times,8271,34%,33%,8%,14%,5%,6%,1%,2015
20–22 Mar,"ComRes/ITV News, Daily Mail",1001,35%,35%,8%,10%,7%,6%,Tie,2015
20–22 Mar,Lord Ashcroft,1003,33%,33%,8%,12%,5%,9%,Tie,2015
20–22 Mar,Populus,2035,31%,33%,9%,16%,5%,5%,2%,2015
20–21 Mar,Survation/Mail on Sunday,1008,30%,34%,10%,17%,3%,6%,4%,2015
19–20 Mar,YouGov/Sunday Times,1532,33%,35%,8%,14%,5%,5%,2%,2015
18–19 Mar,Opinium/The Observer,1979,36%,33%,7%,14%,6%,4%,3%,2015
18–19 Mar,Populus,2020,31%,34%,9%,17%,5%,4%,3%,2015
18–19 Mar,YouGov/The Sun,2293,35%,33%,8%,13%,6%,5%,2%,2015
17–18 Mar,YouGov/The Sun,1752,33%,34%,8%,14%,6%,5%,1%,2015
16–17 Mar,YouGov/The Sun,1830,34%,36%,7%,12%,6%,5%,2%,2015
15–16 Mar,YouGov/The Sun,1683,33%,35%,7%,13%,7%,5%,2%,2015
13–16 Mar,TNS,1188,33%,32%,7%,17%,4%,7%,1%,2015
13–15 Mar,Lord Ashcroft,1002,31%,29%,8%,15%,8%,9%,2%,2015
13–15 Mar,ICM/The Guardian,1001,36%,35%,8%,9%,4%,8%,1%,2015
13–15 Mar,Populus,2041,34%,34%,8%,15%,5%,5%,Tie,2015
12–13 Mar,YouGov/Sunday Times,1669,34%,34%,7%,14%,5%,6%,Tie,2015
11–13 Mar,"ComRes/Sunday Mirror, Independent on Sunday",2002,33%,35%,7%,16%,4%,5%,2%,2015
11–12 Mar,Populus,2041,29%,32%,8%,18%,6%,7%,3%,2015
11–12 Mar,YouGov/The Sun,1619,33%,32%,7%,16%,6%,6%,1%,2015
10–12 Mar,Opinium/The Observer,1947,33%,35%,7%,14%,7%,5%,2%,2015
10–11 Mar,YouGov/The Sun,1728,34%,35%,7%,14%,5%,5%,1%,2015
8–11 Mar,Ipsos MORI/Evening Standard,1025,33%,34%,8%,13%,6%,6%,1%,2015
9–10 Mar,YouGov/The Sun,1598,33%,31%,8%,15%,6%,6%,2%,2015
8–9 Mar,YouGov/The Sun,1745,35%,31%,8%,14%,6%,6%,4%,2015
6–8 Mar,Lord Ashcroft,1003,34%,30%,5%,15%,8%,7%,4%,2015
6–8 Mar,Populus,2026,32%,33%,9%,15%,6%,6%,1%,2015
5–6 Mar,YouGov/Sunday Times,1754,34%,33%,8%,15%,5%,5%,1%,2015
3–6 Mar,Opinium/The Observer,1961,34%,34%,8%,14%,7%,5%,Tie,2015
4–5 Mar,Populus,2063,31%,33%,8%,16%,5%,5%,2%,2015
4–5 Mar,YouGov/The Sun,1748,31%,35%,6%,15%,8%,4%,4%,2015
3–4 Mar,YouGov/The Sun,1544,34%,34%,8%,14%,6%,4%,Tie,2015
2–3 Mar,YouGov/The Sun,1701,36%,34%,5%,14%,6%,5%,2%,2015
1–2 Mar,YouGov/The Sun,1866,35%,32%,7%,15%,6%,5%,3%,2015
27 Feb–1 Mar,Lord Ashcroft,1003,34%,31%,7%,14%,7%,8%,3%,2015
27 Feb–1 Mar,Populus,2056,32%,34%,8%,14%,5%,7%,2%,2015
26–27 Feb,YouGov/Sunday Times,1959,34%,34%,8%,14%,5%,5%,Tie,2015
25–27 Feb,Populus,2005,31%,33%,9%,16%,6%,5%,2%,2015
25–26 Feb,YouGov/The Sun,1638,33%,34%,8%,13%,6%,6%,1%,2015
24–26 Feb,Opinium/The Observer,1948,34%,35%,6%,14%,6%,6%,1%,2015
24–25 Feb,YouGov/The Sun,1581,33%,33%,8%,15%,6%,5%,Tie,2015
23–24 Feb,YouGov/The Sun,1520,35%,33%,6%,14%,7%,5%,2%,2015
23 Feb,Survation/Daily Mirror,1046,28%,34%,10%,19%,4%,5%,6%,2015
22–23 Feb,YouGov/The Sun,1772,33%,33%,8%,13%,7%,5%,Tie,2015
20–23 Feb,ComRes/Daily Mail,1004,34%,32%,8%,13%,8%,6%,2%,2015
20–22 Feb,Lord Ashcroft,1004,32%,36%,7%,11%,8%,6%,4%,2015
20–22 Feb,Populus,2059,32%,32%,9%,15%,6%,6%,Tie,2015
19–20 Feb,YouGov/Sunday Times,1568,33%,34%,8%,13%,6%,6%,1%,2015
17–20 Feb,Opinium/The Observer,1975,35%,33%,6%,15%,7%,5%,2%,2015
18–19 Feb,Populus,2011,31%,32%,9%,17%,6%,5%,1%,2015
18–19 Feb,YouGov/The Sun,1564,32%,33%,9%,15%,6%,5%,1%,2015
17–18 Feb,YouGov/The Sun,1743,32%,34%,8%,14%,6%,5%,2%,2015
16–17 Feb,YouGov/The Sun,1548,33%,34%,6%,15%,7%,5%,1%,2015
15–16 Feb,YouGov/The Sun,1580,32%,32%,6%,16%,8%,5%,Tie,2015
12–16 Feb,TNS,1193,28%,35%,6%,18%,7%,6%,7%,2015
13–15 Feb,Lord Ashcroft,1004,30%,31%,9%,16%,8%,6%,1%,2015
13–15 Feb,Populus,2012,31%,33%,10%,15%,5%,5%,2%,2015
13–15 Feb,ICM/The Guardian,1000,36%,32%,10%,9%,7%,7%,4%,2015
12–13 Feb,YouGov/Sunday Times,1620,32%,35%,7%,15%,7%,5%,3%,2015
11–12 Feb,"ComRes/Sunday Mirror, Independent on Sunday",2017,32%,34%,7%,16%,4%,7%,2%,2015
11–12 Feb,Populus,2055,31%,34%,9%,14%,6%,6%,3%,2015
11–12 Feb,YouGov/The Sun,1592,31%,34%,7%,15%,7%,6%,3%,2015
10–12 Feb,Opinium/The Observer,1969,33%,35%,8%,14%,6%,6%,2%,2015
10–11 Feb,YouGov/The Sun,1764,32%,33%,7%,15%,7%,6%,1%,2015
9–10 Feb,YouGov/The Sun,1677,33%,35%,6%,13%,8%,5%,2%,2015
8–10 Feb,Ipsos MORI/Evening Standard,1010,34%,36%,6%,9%,7%,8%,2%,2015
8–9 Feb,YouGov/The Sun,1552,34%,33%,7%,14%,7%,6%,1%,2015
6–8 Feb,Lord Ashcroft,1003,34%,31%,9%,14%,6%,6%,3%,2015
6–8 Feb,Populus,2003,33%,34%,8%,15%,4%,4%,1%,2015
5–6 Feb,YouGov/Sunday Times,1668,32%,33%,7%,15%,8%,5%,1%,2015
3–6 Feb,Opinium/The Observer,1947,32%,34%,7%,15%,8%,4%,2%,2015
4–5 Feb,Populus,2056,31%,34%,8%,16%,5%,6%,3%,2015
4–5 Feb,YouGov/The Sun,1719,32%,33%,9%,15%,5%,5%,1%,2015
3–4 Feb,YouGov/The Sun,1749,34%,33%,6%,13%,7%,7%,1%,2015
2–3 Feb,YouGov/The Sun,1705,33%,33%,7%,14%,7%,5%,Tie,2015
1–2 Feb,YouGov/The Sun,1630,33%,35%,7%,14%,6%,5%,2%,2015
30 Jan–2 Feb,Populus,2040,31%,34%,8%,14%,5%,6%,3%,2015
29 Jan–2 Feb,TNS,1182,27%,33%,6%,18%,8%,8%,6%,2015
30 Jan–1 Feb,Lord Ashcroft,1002,31%,31%,8%,15%,9%,6%,Tie,2015
29–30 Jan,YouGov/Sunday Times,1550,32%,35%,7%,15%,6%,5%,3%,2015
27–30 Jan,Opinium/The Observer,1975,32%,33%,5%,18%,6%,6%,1%,2015
28–29 Jan,Populus,2020,34%,35%,10%,14%,4%,3%,1%,2015
28–29 Jan,YouGov/The Sun,1593,34%,34%,6%,14%,7%,5%,Tie,2015
27–28 Jan,YouGov/The Sun,1548,33%,33%,6%,16%,7%,5%,Tie,2015
26–27 Jan,YouGov/The Sun,1655,34%,33%,7%,14%,7%,5%,1%,2015
25–26 Jan,YouGov/The Sun,1656,34%,33%,6%,15%,7%,5%,1%,2015
23–26 Jan,TNS-BMRB/BBC Radio 4 Woman's Hour,975,28%,39%,4%,14%,8%,7%,11%,2015
25 Jan,Survation/Daily Mirror,1014,31%,30%,7%,23%,3%,6%,1%,2015
23–25 Jan,ComRes/The Independent[permanent dead link],1001,31%,30%,8%,17%,7%,7%,1%,2015
23–25 Jan,Populus,2039,34%,35%,9%,13%,6%,3%,1%,2015
22–25 Jan,Lord Ashcroft,1001,32%,32%,6%,15%,9%,6%,Tie,2015
22–23 Jan,YouGov/Sunday Times,1578,32%,32%,7%,15%,7%,6%,Tie,2015
21–22 Jan,Populus,2049,32%,36%,9%,13%,6%,4%,4%,2015
21–22 Jan,YouGov/The Sun,1640,31%,33%,7%,17%,8%,4%,2%,2015
20–21 Jan,YouGov/The Sun,1645,33%,34%,6%,14%,8%,5%,1%,2015
19–20 Jan,YouGov/The Sun,1570,32%,30%,8%,15%,10%,5%,2%,2015
18–19 Jan,YouGov/The Sun,1747,32%,32%,8%,15%,7%,6%,Tie,2015
16–19 Jan,ICM/The Guardian,1002,30%,33%,11%,11%,9%,7%,3%,2015
15–19 Jan,TNS,1188,31%,31%,8%,16%,7%,7%,Tie,2015
16–18 Jan,Lord Ashcroft,1004,29%,28%,9%,15%,11%,8%,1%,2015
16–18 Jan,Populus,2036,35%,36%,8%,13%,4%,4%,1%,2015
15–16 Jan,YouGov/Sunday Times,1647,31%,32%,7%,18%,7%,4%,1%,2015
14–15 Jan,YouGov/Sun on Sunday,1763,31%,33%,7%,16%,7%,6%,2%,2015
14–15 Jan,"ComRes/Sunday Mirror, Independent on Sunday[permanent dead link]",2023,33%,34%,7%,18%,3%,5%,1%,2015
14–15 Jan,Populus,2070,32%,35%,9%,14%,6%,4%,3%,2015
14–15 Jan,YouGov/The Sun,1660,32%,32%,6%,16%,8%,6%,Tie,2015
13–15 Jan,Opinium/The Observer,1966,28%,33%,7%,20%,6%,6%,5%,2015
13–14 Jan,YouGov/The Sun,1834,32%,34%,6%,15%,7%,6%,2%,2015
12–13 Jan,YouGov/The Sun,1782,32%,33%,7%,14%,7%,6%,1%,2015
11–13 Jan,Ipsos MORI/Evening Standard,1010,33%,34%,8%,11%,8%,6%,1%,2015
11–12 Jan,YouGov/The Sun,1649,32%,33%,6%,17%,6%,6%,1%,2015
9–11 Jan,Lord Ashcroft,1002,34%,28%,8%,16%,8%,6%,6%,2015
9–11 Jan,Populus,2056,32%,37%,10%,13%,4%,4%,5%,2015
8–9 Jan,YouGov/Sunday Times,1684,32%,32%,7%,18%,6%,5%,Tie,2015
7–8 Jan,Populus,2046,33%,34%,8%,14%,6%,5%,1%,2015
7–8 Jan,YouGov/The Sun,1753,33%,33%,8%,13%,7%,6%,Tie,2015
6–8 Jan,TNS,1201,28%,35%,6%,18%,5%,8%,7%,2015
6–7 Jan,YouGov/The Sun,1707,32%,33%,7%,15%,7%,6%,1%,2015
5–6 Jan,YouGov/The Sun,1769,33%,33%,7%,13%,8%,5%,Tie,2015
4–5 Jan,YouGov/The Sun,1728,31%,34%,7%,14%,8%,6%,3%,2015
2–4 Jan,Populus,2046,34%,36%,9%,12%,5%,5%,2%,2015
30 Dec–2 Jan,Opinium/The Observer,1970,32%,33%,8%,17%,4%,7%,1%,2015
19–23 Dec,Opinium/The Observer[n 4],2003,29%,33%,6%,19%,6%,7%,4%,2014
21–22 Dec,YouGov/The Sun,1642,32%,36%,6%,16%,5%,5%,4%,2014
19–21 Dec,Populus,2051,35%,35%,9%,12%,4%,5%,Tie,2014
18–19 Dec,Survation/Daily Mirror,1009,30%,33%,10%,21%,3%,3%,3%,2014
18–19 Dec,YouGov/Sunday Times,2109,32%,34%,6%,15%,8%,5%,2%,2014
16–19 Dec,Opinium/The Observer,1427,29%,36%,6%,16%,5%,8%,7%,2014
17–18 Dec,Populus,2069,34%,35%,9%,13%,4%,4%,1%,2014
17–18 Dec,YouGov/The Sun,1981,30%,35%,6%,16%,8%,4%,5%,2014
16–17 Dec,YouGov/The Sun,2087,33%,33%,8%,14%,7%,5%,Tie,2014
15–16 Dec,YouGov/The Sun,2021,33%,34%,6%,16%,6%,5%,1%,2014
12–16 Dec,ICM/The Guardian,1001,28%,33%,14%,14%,5%,6%,5%,2014
14–15 Dec,YouGov/The Sun,1648,32%,34%,6%,14%,8%,6%,2%,2014
13–15 Dec,Ipsos Mori/Evening Standard,1012,32%,29%,9%,13%,9%,8%,3%,2014
11–15 Dec,TNS,1180,28%,35%,5%,19%,7%,6%,7%,2014
12–14 Dec,ComRes/The Independent[permanent dead link],1002,29%,32%,12%,16%,5%,6%,3%,2014
12–14 Dec,Populus,2074,34%,36%,10%,12%,5%,4%,2%,2014
11–12 Dec,YouGov/Sunday Times,1941,32%,32%,7%,16%,7%,5%,Tie,2014
10–12 Dec,ComRes/Sunday Mirror/Independent on Sunday[permanent dead link],2014,33%,34%,8%,18%,2%,5%,1%,2014
10–11 Dec,Populus,1140,34%,35%,9%,14%,4%,3%,1%,2014
10–11 Dec,YouGov/The Sun,2088,32%,34%,7%,14%,7%,6%,2%,2014
9–10 Dec,YouGov/The Sun,1983,33%,33%,6%,15%,7%,5%,Tie,2014
8–9 Dec,YouGov/The Sun,1959,32%,32%,8%,15%,7%,5%,Tie,2014
7–8 Dec,YouGov/The Sun,1925,34%,33%,6%,15%,6%,6%,1%,2014
5–7 Dec,Lord Ashcroft,1001,30%,31%,8%,19%,5%,7%,1%,2014
5–7 Dec,Populus,1323,33%,36%,8%,15%,4%,4%,3%,2014
4–5 Dec,YouGov/SundayTimes,1838,32%,32%,6%,17%,7%,7%,Tie,2014
3–4 Dec,Opinium/The Observer,1940,29%,34%,6%,19%,6%,6%,5%,2014
3–4 Dec,Populus,1271,33%,35%,9%,14%,4%,5%,2%,2014
3–4 Dec,YouGov/The Sun,1663,31%,32%,7%,15%,8%,6%,1%,2014
2–3 Dec,YouGov/The Sun,1925,32%,31%,6%,17%,7%,6%,1%,2014
1–2 Dec,YouGov/The Sun,1912,32%,33%,7%,16%,7%,5%,1%,2014
30 Nov–1 Dec,YouGov/The Sun,1763,32%,32%,8%,15%,6%,6%,Tie,2014
28–30 Nov,ComRes/The Independent[permanent dead link],1005,28%,31%,9%,18%,7%,7%,3%,2014
28–30 Nov,Lord Ashcroft,1003,30%,32%,7%,16%,6%,8%,2%,2014
28–30 Nov,Populus,2053,32%,35%,9%,14%,5%,5%,3%,2014
27–28 Nov,YouGov/Sunday Times,2018,32%,34%,7%,15%,6%,6%,2%,2014
26–27 Nov,Populus,2048,32%,37%,9%,14%,4%,5%,5%,2014
26–27 Nov,YouGov/The Sun,1970,31%,31%,8%,17%,6%,6%,Tie,2014
25–27 Nov,TNS,1194,30%,31%,6%,19%,6%,8%,1%,2014
25–26 Nov,YouGov/The Sun,2067,33%,32%,6%,16%,7%,5%,1%,2014
24–25 Nov,YouGov/The Sun,1890,32%,33%,7%,16%,6%,6%,1%,2014
23–24 Nov,YouGov/The Sun,1641,30%,34%,6%,18%,6%,6%,4%,2014
14–24 Nov,Lord Ashcroft[n 5],20011,30%,33%,7%,19%,6%,5%,3%,2014
21–23 Nov,Lord Ashcroft,1004,27%,32%,7%,18%,7%,8%,5%,2014
21–23 Nov,Populus,2049,31%,36%,9%,15%,5%,4%,5%,2014
20–21 Nov,YouGov/Sunday Times,1970,33%,33%,7%,16%,6%,5%,Tie,2014
19–21 Nov,YouGov/The Sun on Sunday,2314,33%,34%,8%,15%,5%,4%,1%,2014
20 Nov,Rochester and Strood by-election,Rochester and Strood by-election,Rochester and Strood by-election,Rochester and Strood by-election,Rochester and Strood by-election,Rochester and Strood by-election,Rochester and Strood by-election,Rochester and Strood by-election,Rochester and Strood by-election,2014
19–20 Nov,Populus,2013,33%,36%,9%,14%,4%,4%,3%,2014
19–20 Nov,YouGov/The Sun,1995,34%,33%,7%,15%,6%,5%,1%,2014
18–20 Nov,Opinium/The Observer,1948,30%,33%,7%,19%,4%,7%,3%,2014
18–19 Nov,YouGov/The Sun,1906,34%,33%,7%,14%,6%,6%,1%,2014
17–18 Nov,YouGov/The Sun,1975,32%,34%,7%,15%,6%,6%,2%,2014
16–17 Nov,YouGov/The Sun,1589,33%,32%,7%,15%,8%,6%,1%,2014
14–17 Nov,Opinium[14],1947,34%,33%,5%,18%,5%,6%,1%,2014
14–16 Nov,Lord Ashcroft,1004,29%,30%,9%,16%,7%,9%,1%,2014
14–16 Nov,Populus,2054,35%,36%,7%,11%,5%,6%,1%,2014
13–14 Nov,YouGov/Sunday Times,1975,31%,33%,7%,18%,5%,6%,2%,2014
12–14 Nov,"ComRes/Independent on Sunday, Sunday Mirror[permanent dead link]",2000,30%,34%,8%,19%,3%,6%,4%,2014
12–13 Nov,Populus,2052,33%,35%,9%,13%,4%,5%,2%,2014
12–13 Nov,YouGov/The Sun,2003,33%,32%,8%,15%,6%,6%,1%,2014
11–12 Nov,YouGov/The Sun,1972,32%,35%,7%,15%,6%,4%,3%,2014
10–11 Nov,YouGov/The Sun,2143,33%,34%,7%,15%,6%,6%,1%,2014
9–10 Nov,YouGov/The Sun,1656,32%,33%,6%,17%,6%,6%,1%,2014
8–10 Nov,Ipsos MORI/Evening Standard,1011,32%,29%,9%,14%,7%,9%,3%,2014
7–9 Nov,ICM/The Guardian,1002,31%,32%,11%,14%,6%,6%,1%,2014
7–9 Nov,Lord Ashcroft,1005,30%,29%,10%,16%,7%,8%,1%,2014
7–9 Nov,Populus,2047,34%,36%,8%,13%,4%,5%,2%,2014
7 Nov,Survation/Mail on Sunday,1020,29%,34%,6%,23%,4%,4%,5%,2014
6–7 Nov,YouGov/Sunday Times,2022,33%,33%,7%,16%,6%,5%,Tie,2014
4–7 Nov,Opinium/The Observer,1980,29%,32%,9%,19%,4%,7%,3%,2014
5–6 Nov,Populus,2011,33%,35%,9%,14%,4%,4%,2%,2014
5–6 Nov,YouGov/The Sun,2041,32%,33%,8%,15%,7%,5%,1%,2014
4–5 Nov,YouGov/The Sun,2047,32%,33%,7%,17%,7%,5%,1%,2014
3–4 Nov,YouGov/The Sun,1988,32%,34%,7%,15%,6%,6%,2%,2014
2–3 Nov,YouGov/The Sun,1652,33%,34%,8%,15%,5%,5%,1%,2014
31 Oct–2 Nov,Lord Ashcroft,1002,30%,29%,10%,16%,6%,9%,1%,2014
31 Oct–2 Nov,Populus,2019,34%,35%,9%,13%,4%,4%,1%,2014
31 Oct–1 Nov,Survation/The Mirror,2012,27%,31%,9%,24%,3%,6%,4%,2014
30–31 Oct,YouGov/Sunday Times,1808,31%,32%,7%,18%,6%,6%,1%,2014
29–30 Oct,Populus,2035,34%,34%,8%,15%,5%,3%,Tie,2014
29–30 Oct,YouGov/The Sun,1883,33%,32%,7%,15%,7%,6%,1%,2014
28–29 Oct,YouGov/The Sun,1972,31%,34%,6%,17%,7%,5%,3%,2014
27–28 Oct,YouGov/The Sun,2052,32%,33%,8%,17%,5%,5%,1%,2014
26–27 Oct,YouGov/The Sun,1629,32%,32%,8%,18%,6%,4%,Tie,2014
24–26 Oct,ComRes/The Independent[permanent dead link],1002,30%,30%,9%,19%,4%,7%,Tie,2014
24–26 Oct,Lord Ashcroft,1003,31%,31%,7%,18%,5%,7%,Tie,2014
24–26 Oct,Populus,2004,34%,36%,8%,13%,3%,4%,2%,2014
23–24 Oct,YouGov/Sunday Times,2069,33%,33%,7%,16%,6%,6%,Tie,2014
21–24 Oct,Opinium/The Observer,1972,33%,33%,6%,18%,4%,5%,Tie,2014
22–23 Oct,Populus,2029,33%,35%,9%,15%,3%,4%,2%,2014
22–23 Oct,YouGov/The Sun,2020,34%,34%,6%,15%,6%,5%,Tie,2014
21–22 Oct,YouGov/The Sun,2052,31%,33%,7%,17%,6%,6%,2%,2014
20–21 Oct,YouGov/The Sun,2103,32%,33%,8%,16%,5%,5%,1%,2014
19–20 Oct,YouGov/The Sun,1727,31%,33%,7%,15%,6%,8%,2%,2014
17–19 Oct,Lord Ashcroft,1000,28%,31%,7%,18%,8%,8%,3%,2014
17–19 Oct,Populus,2058,34%,36%,9%,13%,3%,5%,2%,2014
16–17 Oct,YouGov/Sunday Times,1966,32%,35%,7%,16%,5%,6%,3%,2014
15–16 Oct,"ComRes/Sunday Mirror, Independent on Sunday[permanent dead link]",996,29%,31%,7%,24%,5%,5%,2%,2014
15–16 Oct,"ComRes/Sunday Mirror, Independent on Sunday[permanent dead link]",1004,31%,34%,7%,19%,4%,5%,3%,2014
15–16 Oct,Populus,2031,33%,35%,10%,14%,4%,3%,2%,2014
15–16 Oct,YouGov/The Sun,2045,31%,32%,8%,18%,7%,4%,1%,2014
14–15 Oct,YouGov/The Sun,2133,31%,33%,7%,19%,5%,5%,2%,2014
13–14 Oct,YouGov/The Sun,2144,30%,34%,8%,18%,5%,5%,4%,2014
11–14 Oct,Ipsos MORI/Evening Standard,1002,30%,33%,8%,16%,5%,8%,3%,2014
12–13 Oct,YouGov/The Sun,1782,31%,34%,7%,17%,4%,7%,3%,2014
10–12 Oct,Lord Ashcroft,1001,28%,32%,8%,19%,5%,8%,4%,2014
10–12 Oct,ICM/The Guardian[15],1001,31%,35%,11%,14%,4%,6%,4%,2014
10–12 Oct,Populus,2067,35%,36%,9%,13%,3%,4%,1%,2014
10 Oct,Survation/Mail on Sunday,1003,31%,31%,7%,25%,2%,4%,Tie,2014
9–10 Oct,YouGov/Sunday Times,2167,32%,34%,9%,16%,5%,5%,2%,2014
9 Oct,Clacton and Heywood and Middleton by-elections.,Clacton and Heywood and Middleton by-elections.,Clacton and Heywood and Middleton by-elections.,Clacton and Heywood and Middleton by-elections.,Clacton and Heywood and Middleton by-elections.,Clacton and Heywood and Middleton by-elections.,Clacton and Heywood and Middleton by-elections.,Clacton and Heywood and Middleton by-elections.,Clacton and Heywood and Middleton by-elections.,2014
8–9 Oct,Lord Ashcroft,5059,31%,34%,8%,18%,4%,5%,3%,2014
8–9 Oct,Populus,2055,34%,35%,9%,13%,4%,5%,1%,2014
8–9 Oct,YouGov/The Sun,2049,30%,35%,9%,15%,5%,5%,5%,2014
7–9 Oct,Opinium/The Observer,1968,28%,35%,9%,17%,4%,7%,7%,2014
7–8 Oct,YouGov/The Sun,1862,33%,34%,7%,14%,6%,6%,1%,2014
6–7 Oct,YouGov/The Sun,2155,32%,34%,8%,15%,5%,6%,2%,2014
5–6 Oct,YouGov/The Sun,1739,35%,33%,8%,13%,4%,7%,2%,2014
3–5 Oct,Lord Ashcroft,1002,32%,30%,7%,17%,7%,6%,2%,2014
3–5 Oct,Populus,2037,31%,37%,8%,15%,3%,4%,6%,2014
2–3 Oct,YouGov/Sunday Times,2130,36%,34%,7%,13%,5%,5%,2%,2014
1–2 Oct,Populus,2014,33%,38%,8%,13%,3%,4%,5%,2014
1–2 Oct,YouGov/The Sun,2133,35%,34%,6%,14%,5%,6%,1%,2014
30 Sep–1 Oct,YouGov/The Sun,2068,31%,38%,7%,15%,5%,4%,7%,2014
29–30 Sep,YouGov/The Sun,2106,31%,36%,7%,15%,5%,6%,5%,2014
28–29 Sep,YouGov/The Sun,1715,31%,36%,7%,16%,4%,6%,5%,2014
26–28 Sep,ComRes/Independent[permanent dead link],1007,29%,35%,10%,15%,4%,7%,6%,2014
26–28 Sep,Lord Ashcroft,1000,32%,32%,8%,17%,4%,8%,Tie,2014
26–28 Sep,Populus,2024,34%,36%,7%,14%,5%,3%,2%,2014
25–26 Sep,YouGov/Sunday Times,1992,31%,36%,6%,15%,6%,6%,5%,2014
24–26 Sep,"ComRes/Sunday Mirror, Independent on Sunday[permanent dead link]",2003,29%,35%,7%,19%,4%,6%,6%,2014
23–26 Sep,Opinium/The Observer,1984,32%,34%,7%,17%,4%,6%,2%,2014
24–25 Sep,Populus,2034,33%,37%,9%,13%,3%,4%,4%,2014
24–25 Sep,YouGov/The Sun,1972,31%,37%,7%,13%,5%,7%,6%,2014
23–24 Sep,YouGov/The Sun,2117,33%,37%,7%,13%,5%,5%,4%,2014
22–23 Sep,YouGov/The Sun,2141,31%,37%,7%,15%,5%,5%,6%,2014
21–22 Sep,YouGov/The Sun,1671,33%,35%,7%,14%,5%,6%,2%,2014
19–21 Sep,Lord Ashcroft,1004,27%,33%,9%,17%,6%,8%,6%,2014
19–21 Sep,Populus,2048,33%,37%,9%,12%,4%,4%,4%,2014
19 Sep,"""No"" wins the Scottish independence referendum.","""No"" wins the Scottish independence referendum.","""No"" wins the Scottish independence referendum.","""No"" wins the Scottish independence referendum.","""No"" wins the Scottish independence referendum.","""No"" wins the Scottish independence referendum.","""No"" wins the Scottish independence referendum.","""No"" wins the Scottish independence referendum.","""No"" wins the Scottish independence referendum.",2014
18–19 Sep,YouGov/Sunday Times,2126,31%,36%,7%,16%,5%,5%,5%,2014
17–18 Sep,Populus,2268,32%,36%,9%,15%,4%,5%,4%,2014
17–18 Sep,YouGov/The Sun,2072,33%,35%,8%,14%,5%,5%,2%,2014
16–17 Sep,YouGov/The Sun,2029,33%,36%,8%,13%,5%,5%,3%,2014
12–17 Sep,Lord Ashcroft,8053,30%,35%,7%,19%,5%,6%,5%,2014
15–16 Sep,YouGov/The Sun,1977,34%,37%,7%,12%,6%,4%,3%,2014
12–16 Sep,Survation/Bright Blue,1052,29%,34%,11%,18%,4%,4%,5%,2014
14–15 Sep,YouGov/The Sun,1703,31%,35%,7%,15%,6%,5%,4%,2014
12–14 Sep,ICM/The Guardian,1002,33%,35%,10%,9%,7%,6%,2%,2014
12–14 Sep,Lord Ashcroft,1004,33%,33%,9%,14%,6%,6%,Tie,2014
12–14 Sep,Populus,2052,34%,35%,9%,13%,3%,5%,1%,2014
12 Sep,Survation/Mail on Sunday,1090,31%,35%,8%,19%,3%,4%,4%,2014
11–12 Sep,YouGov/Sunday Times,1900,32%,35%,7%,15%,6%,6%,3%,2014
10–11 Sep,Populus,2010,33%,37%,9%,13%,2%,4%,4%,2014
10–11 Sep,YouGov/TheSun,2068,31%,35%,7%,16%,5%,6%,4%,2014
9–11 Sep,Opinium/The Observer,1960,29%,37%,7%,19%,4%,5%,8%,2014
9–10 Sep,YouGov/The Sun,2122,32%,38%,6%,14%,5%,5%,6%,2014
8–9 Sep,YouGov/TheSun,2099,30%,36%,8%,16%,5%,5%,6%,2014
6–9 Sep,Ipsos MORI,1010,34%,33%,7%,15%,6%,5%,1%,2014
7–8 Sep,YouGov/The Sun,1724,31%,36%,8%,16%,5%,4%,5%,2014
5–7 Sep,Lord Ashcroft,1001,28%,35%,8%,18%,6%,5%,7%,2014
5–7 Sep,Populus,2058,34%,36%,9%,12%,4%,6%,2%,2014
4–5 Sep,YouGov/Sunday Times,1961,33%,35%,7%,15%,4%,5%,2%,2014
3–4 Sep,Populus,2026,32%,38%,8%,14%,4%,4%,6%,2014
3–4 Sep,YouGov/The Sun,2043,32%,36%,7%,16%,5%,4%,4%,2014
2–3 Sep,YouGov/The Sun,2103,33%,36%,7%,14%,5%,5%,3%,2014
1–2 Sep,YouGov/The Sun,2068,32%,35%,8%,15%,5%,4%,3%,2014
31 Aug–1 Sep,YouGov/The Sun,1704,34%,35%,7%,14%,5%,6%,1%,2014
29–31 Aug,ComRes/Independent[permanent dead link],1001,28%,35%,9%,17%,6%,5%,7%,2014
29–31 Aug,Populus,2010,32%,36%,9%,15%,3%,5%,4%,2014
28–29 Aug,YouGov/Sunday Times,2010,32%,36%,7%,16%,4%,4%,4%,2014
26–29 Aug,Opinium/The Observer,1974,30%,36%,7%,16%,4%,7%,6%,2014
27–28 Aug,Populus,2006,35%,34%,8%,13%,5%,4%,1%,2014
27–28 Aug,YouGov/The Sun,2046,33%,36%,7%,13%,5%,6%,3%,2014
26–27 Aug,YouGov/The Sun,2129,34%,35%,7%,14%,6%,5%,1%,2014
25–26 Aug,YouGov/The Sun,2021,33%,37%,8%,13%,5%,5%,4%,2014
22–25 Aug,Populus,2062,32%,38%,8%,15%,3%,4%,6%,2014
21–22 Aug,YouGov/Sunday Times,1866,34%,36%,8%,14%,5%,3%,2%,2014
20–22 Aug,"ComRes/Sunday Mirror, Independent on Sunday[permanent dead link]",2058,32%,34%,8%,18%,3%,5%,2%,2014
20–21 Aug,Populus,2065,33%,39%,9%,11%,3%,4%,6%,2014
20–21 Aug,YouGov/The Sun,2028,33%,38%,8%,12%,5%,4%,5%,2014
19–20 Aug,YouGov/The Sun,2070,34%,38%,9%,11%,4%,4%,4%,2014
18–19 Aug,YouGov/The Sun,2036,36%,37%,9%,12%,3%,3%,1%,2014
17–18 Aug,YouGov/The Sun,1710,33%,38%,8%,12%,4%,4%,5%,2014
15–17 Aug,Populus,2049,32%,37%,9%,14%,3%,5%,5%,2014
14–15 Aug,YouGov/Sunday Times,2019,34%,38%,7%,13%,4%,4%,4%,2014
12–15 Aug,Opinium/The Observer,1963,28%,32%,10%,21%,4%,6%,4%,2014
13–14 Aug,Populus,2018,32%,35%,9%,14%,5%,7%,3%,2014
13–14 Aug,YouGov/The Sun,1984,35%,35%,8%,12%,5%,5%,Tie,2014
12–13 Aug,YouGov/The Sun,2116,34%,36%,10%,12%,4%,5%,2%,2014
11–12 Aug,YouGov/The Sun,1942,35%,38%,8%,11%,4%,3%,3%,2014
10–11 Aug,YouGov/The Sun,1676,33%,37%,8%,12%,5%,4%,4%,2014
9–11 Aug,Ipsos MORI,1003,33%,33%,7%,13%,7%,6%,Tie,2014
8–11 Aug,Populus,2031,33%,37%,9%,12%,3%,5%,4%,2014
8–10 Aug,ICM/The Guardian,1002,31%,38%,12%,10%,4%,5%,7%,2014
7–8 Aug,YouGov/Sunday Times,1943,33%,37%,8%,13%,4%,4%,4%,2014
6–7 Aug,Populus,2050,36%,35%,9%,11%,3%,5%,1%,2014
6–7 Aug,YouGov/The Sun,2016,33%,38%,7%,12%,4%,5%,5%,2014
5–6 Aug,YouGov/The Sun,1944,34%,37%,9%,12%,4%,4%,3%,2014
4–5 Aug,YouGov/The Sun,1977,33%,38%,8%,12%,4%,5%,5%,2014
3–4 Aug,YouGov/The Sun,1617,34%,38%,6%,13%,4%,5%,4%,2014
1–3 Aug,Lord Ashcroft,1002,30%,33%,8%,18%,6%,5%,3%,2014
1–3 Aug,Populus,2021,35%,37%,9%,12%,3%,4%,2%,2014
31 Jul–1 Aug,YouGov/Sunday Times,2083,35%,38%,7%,12%,4%,4%,3%,2014
29 Jul–1 Aug,Opinium/The Observer,1979,32%,35%,7%,15%,5%,7%,3%,2014
30–31 Jul,Populus,2027,35%,36%,8%,13%,4%,4%,1%,2014
30–31 Jul,YouGov/The Sun,2023,34%,38%,8%,13%,4%,3%,4%,2014
29–30 Jul,YouGov/The Sun,2100,35%,37%,8%,12%,4%,4%,2%,2014
28–29 Jul,YouGov/The Sun,2004,34%,35%,8%,12%,6%,5%,1%,2014
27–28 Jul,YouGov/The Sun,1658,33%,39%,8%,12%,4%,4%,6%,2014
25–27 Jul,ComRes/Independent[permanent dead link],1001,27%,33%,8%,17%,7%,6%,6%,2014
25–27 Jul,Lord Ashcroft,1000,32%,34%,9%,14%,6%,5%,2%,2014
25–27 Jul,Populus,2024,33%,37%,9%,12%,4%,5%,4%,2014
24–25 Jul,YouGov/Sunday Times,1741,35%,36%,8%,13%,5%,3%,1%,2014
23–24 Jul,Populus,2035,35%,37%,9%,9%,4%,6%,2%,2014
23–24 Jul,YouGov/The Sun,2065,35%,38%,8%,11%,4%,4%,3%,2014
22–23 Jul,YouGov/The Sun,1897,34%,38%,8%,12%,4%,4%,4%,2014
21–22 Jul,YouGov/The Sun,1904,34%,37%,7%,14%,5%,4%,3%,2014
20–21 Jul,YouGov/The Sun,2107,34%,38%,9%,11%,4%,5%,4%,2014
18–20 Jul,Lord Ashcroft,1007,27%,35%,7%,17%,7%,7%,8%,2014
18–20 Jul,Populus,2035,32%,37%,9%,13%,4%,5%,5%,2014
17–18 Jul,YouGov/Sunday Times,2078,32%,37%,9%,13%,5%,4%,5%,2014
16–18 Jul,"ComRes/Independent on Sunday, Sunday Mirror[permanent dead link]",2054,31%,34%,9%,17%,4%,5%,3%,2014
16–17 Jul,Populus,2007,35%,35%,8%,14%,3%,5%,Tie,2014
16–17 Jul,YouGov/The Sun,2038,32%,39%,8%,13%,4%,4%,7%,2014
15–17 Jul,TNS BMRB,1191,29%,36%,7%,19%,,9%,7%,2014
15–17 Jul,Opinium/The Observer,1967,30%,34%,9%,17%,4%,5%,4%,2014
15–16 Jul,YouGov/The Sun,2107,33%,36%,9%,13%,4%,4%,3%,2014
14–15 Jul,YouGov/The Sun,2072,34%,38%,6%,13%,4%,5%,4%,2014
12–15 Jul,Ipsos MORI,1000,32%,35%,8%,12%,8%,5%,3%,2014
13–14 Jul,YouGov/The Sun,1745,35%,38%,8%,10%,4%,5%,3%,2014
11–13 Jul,ICM/The Guardian,1000,34%,33%,12%,9%,4%,7%,1%,2014
11–13 Jul,Lord Ashcroft,1000,32%,36%,7%,14%,6%,6%,4%,2014
11–13 Jul,Populus,2055,34%,37%,9%,12%,5%,3%,3%,2014
10–11 Jul,YouGov/Sunday Times,1963,33%,38%,9%,12%,4%,4%,5%,2014
9–10 Jul,Populus,2052,34%,36%,8%,12%,3%,7%,2%,2014
9–10 Jul,YouGov/The Sun,2022,34%,37%,8%,12%,5%,4%,3%,2014
8–9 Jul,YouGov/The Sun,2034,32%,36%,10%,12%,5%,4%,4%,2014
7–8 Jul,YouGov/The Sun,2072,31%,38%,8%,12%,5%,6%,7%,2014
6–7 Jul,YouGov/The Sun,1650,34%,37%,9%,13%,4%,3%,3%,2014
4–6 Jul,Lord Ashcroft,1005,27%,34%,11%,15%,6%,7%,7%,2014
4–6 Jul,Populus,2053,31%,38%,9%,14%,4%,4%,7%,2014
3–4 Jul,YouGov/Sunday Times,2095,34%,36%,8%,13%,5%,4%,2%,2014
2–3 Jul,Populus,2029,34%,35%,9%,14%,4%,4%,1%,2014
2–3 Jul,YouGov/The Sun,1611,35%,36%,8%,12%,4%,4%,1%,2014
1–3 Jul,Opinium/The Observer,1946,29%,35%,7%,18%,5%,6%,6%,2014
1–2 Jul,YouGov/The Sun,1991,35%,37%,8%,12%,5%,3%,2%,2014
30 Jun–1 Jul,YouGov/The Sun,2073,33%,38%,8%,11%,5%,5%,5%,2014
29–30 Jun,YouGov/The Sun,1729,35%,37%,8%,12%,3%,5%,2%,2014
27–29 Jun,ComRes/Independent[permanent dead link],1005,30%,32%,7%,18%,5%,8%,2%,2014
27–29 Jun,Populus,2049,33%,37%,10%,12%,4%,4%,4%,2014
27–29 Jun,Lord Ashcroft,1006,33%,31%,9%,15%,6%,6%,2%,2014
27 Jun,Survation/Mail on Sunday,1000,27%,36%,7%,22%,5%,3%,9%,2014
26–27 Jun,YouGov/Sunday Times,1936,33%,37%,8%,14%,5%,3%,4%,2014
25–26 Jun,Populus,2021,34%,35%,8%,13%,5%,5%,1%,2014
25–26 Jun,YouGov/The Sun,1996,33%,38%,8%,13%,4%,4%,5%,2014
24–25 Jun,YouGov/The Sun,2044,32%,37%,7%,14%,5%,5%,5%,2014
23–24 Jun,YouGov/The Sun,1984,33%,36%,8%,15%,4%,4%,3%,2014
22–23 Jun,YouGov/The Sun,1652,32%,36%,9%,15%,4%,4%,4%,2014
20–22 Jun,Lord Ashcroft,1006,28%,33%,9%,17%,7%,6%,5%,2014
20–22 Jun,Populus,2062,32%,37%,9%,13%,3%,5%,5%,2014
19–20 Jun,YouGov/Sunday Times,2016,32%,38%,8%,14%,5%,4%,6%,2014
18–19 Jun,Populus,2032,34%,36%,8%,13%,3%,6%,2%,2014
18–19 Jun,YouGov/The Sun,2097,33%,37%,8%,15%,3%,4%,4%,2014
17–19 Jun,Opinium/The Observer,1946,31%,35%,7%,17%,5%,5%,4%,2014
17–18 Jun,YouGov/The Sun,2066,34%,38%,7%,13%,5%,3%,4%,2014
16–17 Jun,YouGov/The Sun,1897,34%,37%,7%,13%,4%,6%,3%,2014
14–17 Jun,Ipsos MORI,1001,31%,34%,8%,14%,8%,5%,3%,2014
15–16 Jun,YouGov/The Sun,1696,32%,36%,10%,14%,5%,4%,4%,2014
13–15 Jun,ICM/The Guardian[15],1001,31%,32%,10%,16%,6%,5%,1%,2014
13–15 Jun,Lord Ashcroft,1001,29%,35%,8%,15%,6%,7%,6%,2014
13–15 Jun,Populus,2036,33%,37%,9%,13%,4%,4%,4%,2014
12–13 Jun,YouGov/Sunday Times,2106,33%,37%,8%,13%,5%,4%,4%,2014
11–13 Jun,"ComRes/Independent on Sunday, Sunday Mirror[permanent dead link]",2034,32%,34%,7%,18%,4%,5%,2%,2014
11–12 Jun,YouGov/The Sun on Sunday,2337,33%,36%,8%,14%,5%,4%,3%,2014
11–12 Jun,Populus,2051,32%,35%,8%,15%,5%,5%,3%,2014
11–12 Jun,YouGov/The Sun,2183,32%,38%,8%,12%,5%,5%,6%,2014
10–12 Jun,TNS BMRB,1195,29%,35%,6%,23%,7%,7%,6%,2014
10–11 Jun,YouGov/The Sun,2157,34%,36%,6%,14%,5%,5%,2%,2014
9–10 Jun,YouGov/The Sun,1974,35%,37%,8%,12%,3%,5%,2%,2014
8–9 Jun,YouGov/The Sun,1685,31%,37%,7%,15%,5%,5%,6%,2014
6–8 Jun,Lord Ashcroft,1003,28%,32%,8%,17%,7%,8%,4%,2014
6–8 Jun,Populus,2039,35%,36%,9%,14%,3%,4%,1%,2014
5–6 Jun,YouGov/Sunday Times,2134,33%,37%,7%,14%,5%,4%,4%,2014
4–6 Jun,Populus,2006,34%,35%,9%,14%,5%,4%,1%,2014
5 Jun,Newark by-election.,Newark by-election.,Newark by-election.,Newark by-election.,Newark by-election.,Newark by-election.,Newark by-election.,Newark by-election.,Newark by-election.,2014
4–5 Jun,YouGov/The Sun,2107,31%,37%,8%,15%,5%,4%,6%,2014
3–5 Jun,Opinium/The Observer[permanent dead link],1950,31%,35%,6%,19%,4%,5%,4%,2014
3–4 Jun,YouGov/The Sun,1951,32%,37%,7%,13%,5%,5%,5%,2014
2–3 Jun,YouGov/The Sun,1962,32%,36%,8%,14%,5%,4%,4%,2014
1–2 Jun,YouGov/The Sun,1740,30%,36%,8%,17%,5%,4%,6%,2014
30 May–1 Jun,Lord Ashcroft[16],1000,25%,34%,6%,19%,7%,8%,9%,2014
30 May–1 Jun,Populus,2062,32%,37%,10%,13%,3%,5%,5%,2014
29–30 May,YouGov/Sunday Times,2090,33%,36%,7%,15%,4%,5%,3%,2014
28–29 May,Populus,2010,34%,35%,9%,14%,4%,4%,1%,2014
28–29 May,YouGov/The Sun,2123,31%,38%,7%,16%,4%,5%,7%,2014
27–28 May,YouGov/The Sun,2109,32%,36%,9%,14%,5%,5%,4%,2014
26–27 May,YouGov/The Sun,2079,32%,34%,8%,15%,5%,5%,2%,2014
23–26 May,Populus,2060,34%,36%,9%,14%,3%,4%,2%,2014
23–25 May,Lord Ashcroft[16],1000,29%,31%,8%,17%,7%,10%,2%,2014
25 May,2014 European Parliament election results declared.,2014 European Parliament election results declared.,2014 European Parliament election results declared.,2014 European Parliament election results declared.,2014 European Parliament election results declared.,2014 European Parliament election results declared.,2014 European Parliament election results declared.,2014 European Parliament election results declared.,2014 European Parliament election results declared.,2014
23 May,Survation/Mail on Sunday,1017,27%,32%,9%,23%,3%,6%,5%,2014
22–23 May,YouGov/Sunday Times,1898,34%,35%,9%,13%,5%,5%,1%,2014
20–23 May,Opinium/The Observer,1968,32%,33%,7%,19%,4%,5%,1%,2014
22 May,2014 United Kingdom local elections.,2014 United Kingdom local elections.,2014 United Kingdom local elections.,2014 United Kingdom local elections.,2014 United Kingdom local elections.,2014 United Kingdom local elections.,2014 United Kingdom local elections.,2014 United Kingdom local elections.,2014 United Kingdom local elections.,2014
21–22 May,Populus,2045,34%,36%,9%,14%,3%,4%,2%,2014
21–22 May,YouGov/The Sun,1922,34%,34%,9%,14%,5%,4%,Tie,2014
20–21 May,"YouGov/The Times, The Sun",6124,33%,36%,9%,13%,4%,5%,3%,2014
19–20 May,Survation/Daily Mirror,1106,28%,34%,9%,20%,3%,6%,6%,2014
19–20 May,YouGov/The Sun,1874,33%,35%,11%,13%,3%,5%,2%,2014
18–19 May,YouGov/The Sun,1740,33%,37%,9%,11%,6%,4%,4%,2014
16–18 May,ComRes/Independent[permanent dead link],1008,30%,35%,8%,14%,5%,8%,5%,2014
16–18 May,Lord Ashcroft[16],1006,29%,35%,9%,14%,5%,7%,6%,2014
16–18 May,Populus,2026,35%,34%,8%,14%,3%,6%,1%,2014
15–16 May,YouGov/Sunday Times,1892,34%,37%,9%,13%,4%,3%,3%,2014
14–15 May,"ComRes/Independent on Sunday, Sunday Mirror[permanent dead link]",2045,29%,33%,8%,19%,4%,7%,4%,2014
14–15 May,YouGov/The Sun,2083,34%,36%,8%,13%,4%,5%,2%,2014
14–15 May,Populus,2043,32%,36%,10%,13%,3%,6%,4%,2014
13–14 May,YouGov/The Sun,1968,32%,35%,10%,13%,4%,5%,3%,2014
12–13 May,YouGov/The Sun,1977,34%,34%,8%,15%,3%,5%,Tie,2014
11–12 May,YouGov/The Sun,1680,35%,36%,9%,14%,3%,5%,1%,2014
10–12 May,Ipsos MORI/Evening Standard,1003,31%,34%,9%,11%,8%,7%,3%,2014
9–11 May,ICM/The Guardian[15],1000,33%,31%,13%,15%,4%,5%,2%,2014
9–11 May,Lord Ashcroft[16],1001,34%,32%,9%,15%,5%,6%,2%,2014
9–11 May,Populus,2056,35%,36%,8%,13%,3%,5%,1%,2014
9 May,Survation/Mail on Sunday,1005,28%,33%,10%,20%,3%,6%,5%,2014
8–9 May,YouGov/Sunday Times,1905,31%,38%,9%,13%,4%,5%,7%,2014
7–8 May,Populus,2006,32%,36%,8%,16%,4%,5%,4%,2014
7–8 May,YouGov/The Sun,1875,34%,35%,8%,13%,4%,6%,1%,2014
6–8 May,Opinium/The Observer,1997,29%,33%,9%,20%,4%,5%,4%,2014
6–7 May,YouGov/The Sun,1858,34%,37%,8%,13%,3%,5%,3%,2014
5–6 May,YouGov/The Sun,1933,34%,35%,9%,14%,3%,5%,1%,2014
2–5 May,Populus,2034,33%,36%,8%,14%,4%,5%,3%,2014
2–3 May,Survation/Daily Mirror,1005,33%,34%,8%,18%,4%,3%,1%,2014
1–2 May,YouGov/Sunday Times,1945,33%,36%,9%,15%,4%,3%,3%,2014
30 Apr–1 May,YouGov/The Sun on Sunday,1844,33%,36%,10%,15%,2%,4%,3%,2014
30 Apr–1 May,Populus,2060,34%,35%,9%,14%,3%,5%,1%,2014
30 Apr–1 May,YouGov/The Sun,1813,33%,36%,10%,14%,3%,4%,3%,2014
2 Apr–1 May,Populus/Financial Times,18448,34%,36%,10%,13%,3%,4%,2%,2014
29–30 Apr,YouGov/The Sun,1898,31%,37%,9%,15%,3%,5%,6%,2014
28–29 Apr,YouGov/The Sun,1804,32%,37%,9%,14%,3%,5%,5%,2014
27–28 Apr,YouGov/The Sun,1629,32%,37%,10%,15%,2%,4%,5%,2014
25–27 Apr,Populus,2052,32%,35%,10%,15%,3%,5%,3%,2014
24–25 Apr,YouGov/Sunday Times,1835,31%,36%,9%,15%,4%,5%,5%,2014
22–25 Apr,Opinium/The Observer,1965,32%,34%,7%,18%,3%,6%,2%,2014
23–24 Apr,Populus,2055,35%,35%,9%,13%,3%,5%,Tie,2014
23–24 Apr,YouGov/The Sun,2072,32%,38%,8%,14%,4%,4%,6%,2014
22–23 Apr,YouGov/The Sun,2143,32%,37%,10%,15%,2%,4%,5%,2014
21–22 Apr,YouGov/The Sun,2190,34%,37%,10%,12%,2%,5%,3%,2014
17–21 Apr,Populus,2049,33%,36%,10%,13%,3%,4%,3%,2014
16–17 Apr,YouGov/The Sun,1884,33%,35%,11%,15%,2%,4%,2%,2014
15–16 Apr,Populus,2069,34%,35%,9%,14%,3%,5%,1%,2014
15–16 Apr,YouGov/The Sun,2166,33%,39%,9%,11%,3%,5%,6%,2014
14–15 Apr,YouGov/The Sun,2162,34%,37%,10%,13%,2%,4%,3%,2014
13–14 Apr,YouGov/The Sun,1541,33%,38%,9%,12%,3%,5%,5%,2014
11–13 Apr,ComRes/The Independent[permanent dead link],1000,30%,36%,9%,12%,4%,9%,6%,2014
11–13 Apr,ICM/The Guardian[15],1000,32%,37%,12%,11%,2%,6%,5%,2014
11–13 Apr,Populus,2011,33%,35%,11%,13%,2%,6%,2%,2014
10–11 Apr,YouGov/Sunday Times,2036,32%,38%,8%,14%,2%,6%,6%,2014
9–10 Apr,"ComRes/Independent on Sunday, Sunday Mirror[permanent dead link]",2003,29%,35%,7%,20%,4%,5%,6%,2014
9–10 Apr,Populus,2051,34%,35%,11%,12%,2%,6%,1%,2014
9–10 Apr,YouGov/The Sun,2111,32%,38%,8%,14%,2%,5%,6%,2014
8–10 Apr,Opinium/The Observer,1972,30%,36%,7%,18%,3%,6%,6%,2014
8–9 Apr,YouGov/The Sun,2061,33%,36%,10%,14%,2%,5%,3%,2014
7–8 Apr,YouGov/The Sun,2144,33%,37%,10%,13%,2%,4%,4%,2014
6–7 Apr,YouGov/The Sun,1748,33%,36%,10%,14%,2%,5%,3%,2014
5–7 Apr,Ipsos MORI/Evening Standard,1002,31%,37%,9%,15%,3%,4%,6%,2014
4–6 Apr,Populus,2034,34%,37%,9%,14%,3%,4%,3%,2014
4 Apr,Survation/Mail on Sunday,1001,29%,36%,10%,20%,2%,4%,7%,2014
3–4 Apr,YouGov/Sunday Times,1998,34%,39%,9%,12%,2%,4%,5%,2014
2–3 Apr,Populus,2067,33%,37%,10%,13%,2%,5%,4%,2014
2–3 Apr,YouGov/The Sun,2076,32%,38%,10%,13%,3%,4%,6%,2014
1–2 Apr,YouGov/The Sun,2148,32%,38%,10%,13%,2%,5%,6%,2014
31 Mar–1 Apr,YouGov/The Sun,1981,33%,37%,10%,12%,2%,6%,4%,2014
30–31 Mar,YouGov/The Sun,1696,34%,37%,11%,13%,2%,5%,3%,2014
28–30 Mar,Populus,2008,34%,37%,10%,11%,3%,5%,3%,2014
5–30 Mar,Populus/Financial Times,16424,34%,37%,9%,12%,3%,5%,3%,2014
27–28 Mar,YouGov/Sunday Times,1916,33%,40%,9%,11%,2%,5%,7%,2014
27–28 Mar,Populus,2066,35%,37%,8%,12%,3%,5%,2%,2014
25–28 Mar,Opinium/The Observer,1936,32%,33%,10%,15%,3%,7%,1%,2014
26–27 Mar,YouGov/The Sun,2039,35%,36%,10%,11%,3%,4%,1%,2014
25–26 Mar,YouGov/The Sun,2070,35%,37%,9%,11%,2%,5%,2%,2014
24–25 Mar,YouGov/The Sun,1958,35%,38%,10%,10%,2%,5%,3%,2014
23–24 Mar,YouGov/The Sun,1558,36%,38%,10%,10%,2%,4%,2%,2014
21–23 Mar,ComRes/Independent[permanent dead link],1024,31%,36%,9%,11%,5%,8%,5%,2014
21–23 Mar,Populus,2039,34%,35%,10%,13%,2%,6%,1%,2014
20–21 Mar,YouGov/Sunday Times,2103,36%,37%,9%,11%,2%,5%,1%,2014
20–21 Mar,Survation/Mail on Sunday,1000,34%,35%,9%,15%,2%,5%,1%,2014
19–20 Mar,Populus,2122,34%,38%,9%,12%,2%,5%,4%,2014
19–20 Mar,YouGov/The Sun,1904,34%,39%,10%,10%,2%,5%,5%,2014
18–19 Mar,YouGov/The Sun,2088,33%,38%,11%,11%,3%,4%,5%,2014
17–18 Mar,YouGov/The Sun,2284,34%,38%,11%,11%,3%,4%,4%,2014
16–17 Mar,YouGov/The Sun,1919,32%,40%,9%,11%,3%,4%,8%,2014
14–16 Mar,Populus,2053,32%,36%,10%,13%,3%,6%,4%,2014
13–14 Mar,YouGov/Sunday Times,1946,33%,40%,8%,12%,2%,4%,7%,2014
12–13 Mar,ComRes/Independent on Sunday/Sunday Mirror[permanent dead link],2001,32%,35%,9%,16%,3%,5%,3%,2014
12–13 Mar,Populus,2053,34%,35%,10%,13%,2%,6%,1%,2014
12–13 Mar,YouGov/The Sun,2098,33%,38%,11%,10%,2%,6%,5%,2014
11–12 Mar,Opinium/The Observer,1971,30%,35%,10%,16%,3%,6%,5%,2014
11–12 Mar,YouGov/The Sun,2095,35%,37%,9%,13%,2%,4%,2%,2014
8–12 Mar,Ipsos MORI/Evening Standard,1000,32%,35%,13%,11%,5%,4%,3%,2014
10–11 Mar,YouGov/The Sun,2040,34%,38%,10%,12%,2%,4%,4%,2014
7–11 Mar,ICM/The Guardian[15],1003,35%,38%,12%,9%,3%,3%,3%,2014
9–10 Mar,YouGov/The Sun,3195,32%,39%,8%,13%,3%,5%,7%,2014
7–9 Mar,Populus,2058,34%,38%,9%,12%,3%,4%,4%,2014
6–7 Mar,YouGov/Sunday Times,2029,32%,39%,10%,14%,2%,3%,7%,2014
5–6 Mar,Populus,2025,34%,37%,9%,12%,3%,5%,3%,2014
5–6 Mar,YouGov/The Sun,1833,31%,40%,9%,13%,3%,4%,9%,2014
4–5 Mar,YouGov/The Sun,1868,34%,37%,10%,11%,3%,5%,3%,2014
3–4 Mar,YouGov/The Sun,2041,34%,38%,9%,13%,2%,4%,4%,2014
2–3 Mar,YouGov/The Sun,1868,32%,41%,8%,12%,1%,6%,9%,2014
28 Feb–2 Mar,ComRes/Independent[permanent dead link],1004,30%,38%,10%,11%,4%,7%,8%,2014
28 Feb–2 Mar,Populus,2055,34%,37%,10%,12%,3%,4%,3%,2014
27–28 Feb,YouGov/Sunday Times,2098,33%,38%,9%,13%,2%,5%,5%,2014
25–28 Feb,Opinium/The Observer,1946,29%,34%,10%,19%,3%,5%,5%,2014
26–27 Feb,Populus,1131,33%,38%,9%,13%,3%,5%,5%,2014
5–27 Feb,Populus/Financial Times,14203,33%,37%,10%,14%,3%,3%,4%,2014
26–27 Feb,YouGov/The Sun,1868,34%,39%,8%,12%,3%,4%,5%,2014
25–26 Feb,YouGov/The Sun,2062,34%,40%,10%,11%,3%,4%,6%,2014
24–25 Feb,YouGov/The Sun,1936,33%,39%,10%,11%,3%,4%,6%,2014
23–24 Feb,YouGov/The Sun,1773,33%,38%,10%,13%,2%,5%,5%,2014
21–23 Feb,Populus,2052,32%,37%,10%,15%,2%,4%,5%,2014
20–21 Feb,YouGov/Sunday Times,2141,32%,39%,8%,12%,2%,6%,7%,2014
19–20 Feb,Populus,2066,32%,38%,9%,13%,3%,5%,6%,2014
19–20 Feb,YouGov/The Sun,1756,34%,39%,9%,12%,2%,4%,5%,2014
18–19 Feb,YouGov/The Sun,1766,33%,37%,10%,12%,3%,5%,4%,2014
17–18 Feb,YouGov/The Sun,1758,33%,40%,8%,12%,3%,4%,7%,2014
16–17 Feb,YouGov/The Sun,1645,33%,40%,9%,11%,2%,5%,7%,2014
14–16 Feb,Populus,2031,33%,38%,10%,13%,3%,3%,5%,2014
13–14 Feb,YouGov/Sunday Times,1868,32%,39%,9%,12%,3%,6%,7%,2014
11–14 Feb,Opinium/The Observer,1969,28%,37%,8%,17%,2%,8%,9%,2014
13 Feb,Wythenshawe and Sale East by-election.,Wythenshawe and Sale East by-election.,Wythenshawe and Sale East by-election.,Wythenshawe and Sale East by-election.,Wythenshawe and Sale East by-election.,Wythenshawe and Sale East by-election.,Wythenshawe and Sale East by-election.,Wythenshawe and Sale East by-election.,Wythenshawe and Sale East by-election.,2014
12–13 Feb,Populus,2015,32%,38%,9%,14%,3%,4%,6%,2014
12–13 Feb,ComRes/The Independent on Sunday/Sunday Mirror[permanent dead link],2031,32%,37%,9%,15%,2%,5%,5%,2014
12–13 Feb,YouGov/The Sun,1896,33%,39%,9%,12%,2%,5%,6%,2014
11–12 Feb,YouGov/The Sun,1826,32%,39%,8%,13%,2%,6%,7%,2014
10–11 Feb,YouGov/The Sun,1899,34%,39%,10%,11%,2%,4%,5%,2014
9–10 Feb,YouGov/The Sun,1685,33%,39%,10%,12%,2%,4%,6%,2014
7–9 Feb,ICM/The Guardian[15],1002,34%,38%,10%,11%,3%,5%,4%,2014
7–9 Feb,Populus,2013,34%,36%,11%,12%,3%,4%,2%,2014
6–7 Feb,YouGov/Sunday Times,1521,35%,39%,10%,10%,3%,3%,4%,2014
5–6 Feb,Populus,2015,33%,36%,9%,15%,2%,5%,3%,2014
5–6 Feb,YouGov/The Sun,1911,32%,38%,10%,14%,2%,4%,6%,2014
4–5 Feb,YouGov/The Sun,1902,35%,39%,9%,10%,2%,4%,4%,2014
3–4 Feb,YouGov/The Sun,1942,33%,39%,8%,13%,3%,4%,6%,2014
2–3 Feb,YouGov/The Sun,1741,33%,38%,11%,11%,1%,6%,5%,2014
1–3 Feb,Ipsos MORI/Evening Standard,1012,31%,38%,12%,10%,3%,6%,7%,2014
31 Jan–2 Feb,Populus,2043,32%,41%,11%,9%,3%,4%,9%,2014
30–31 Jan,YouGov/Sunday Times,1885,34%,39%,8%,11%,3%,5%,5%,2014
28–31 Jan,Opinium/The Observer,1972,29%,36%,8%,17%,3%,6%,7%,2014
29–30 Jan,Populus,2044,32%,39%,11%,10%,3%,4%,7%,2014
29–30 Jan,YouGov/The Sun,1942,32%,42%,8%,12%,2%,4%,10%,2014
28–29 Jan,YouGov/The Sun,1884,35%,38%,10%,11%,2%,4%,3%,2014
27–28 Jan,YouGov/The Sun,1814,34%,37%,9%,12%,3%,5%,3%,2014
26–27 Jan,YouGov/The Sun,1381,35%,37%,9%,13%,2%,5%,2%,2014
24–26 Jan,ComRes/Independent,1002,32%,33%,9%,14%,5%,7%,1%,2014
24–26 Jan,Populus,2052,33%,40%,11%,8%,3%,5%,7%,2014
23–24 Jan,YouGov/Sunday Times,1859,32%,39%,9%,13%,2%,5%,7%,2014
22–23 Jan,Populus,2051,32%,40%,11%,9%,3%,5%,8%,2014
22–23 Jan,YouGov/The Sun,1840,35%,38%,8%,12%,2%,5%,3%,2014
21–22 Jan,YouGov/The Sun,1843,32%,40%,8%,12%,3%,5%,8%,2014
20–21 Jan,YouGov/The Sun,1961,34%,38%,9%,13%,3%,3%,4%,2014
19–20 Jan,YouGov/The Sun,1682,32%,40%,11%,12%,2%,3%,8%,2014
7–20 Jan,Lord Ashcroft,20058,30%,38%,8%,16%,3%,5%,8%,2014
17–19 Jan,Populus,2027,32%,39%,12%,9%,3%,5%,7%,2014
16–17 Jan,YouGov/Sunday Times,1957,33%,39%,8%,13%,2%,5%,6%,2014
15–16 Jan,ComRes/Sunday Mirror/Independent[permanent dead link],2029,30%,35%,8%,19%,3%,5%,5%,2014
15–16 Jan,Populus,2039,33%,40%,13%,9%,2%,3%,7%,2014
15–16 Jan,YouGov/The Sun,1981,32%,39%,10%,12%,2%,5%,7%,2014
14–16 Jan,Opinium/The Observer,1930,30%,36%,8%,17%,3%,6%,6%,2014
14–15 Jan,Survation/Sky News,1005,30%,34%,12%,18%,2%,4%,4%,2014
14–15 Jan,YouGov/The Sun,1893,33%,39%,10%,12%,2%,4%,6%,2014
13–14 Jan,YouGov/The Sun,2000,34%,37%,9%,13%,2%,5%,3%,2014
11–14 Jan,Ipsos MORI/Evening Standard,1035,30%,39%,13%,11%,3%,4%,9%,2014
12–13 Jan,YouGov/The Sun,1762,33%,38%,11%,12%,2%,4%,5%,2014
10–12 Jan,ICM/The Guardian[15],1005,32%,35%,14%,10%,3%,6%,3%,2014
10–11 Jan,Populus,2079,33%,38%,12%,9%,3%,5%,5%,2014
9–10 Jan,YouGov/Sunday Times,1904,31%,40%,9%,14%,2%,4%,9%,2014
8–9 Jan,Populus,2012,33%,40%,11%,8%,3%,5%,7%,2014
8–9 Jan,YouGov/The Sun,1887,32%,38%,9%,13%,2%,6%,6%,2014
7–8 Jan,YouGov/The Sun,1958,32%,38%,9%,13%,3%,5%,6%,2014
6–7 Jan,YouGov/The Sun,1972,32%,37%,10%,14%,3%,4%,5%,2014
5–6 Jan,YouGov/The Sun,1729,32%,40%,9%,12%,2%,5%,8%,2014
3 Jan,Survation/Mail on Sunday,1001,31%,35%,11%,16%,2%,5%,4%,2014
30 Dec–2 Jan,Opinium/The Observer,1939,30%,37%,8%,17%,3%,5%,7%,2014
20–22 Dec,Populus,2013,35%,37%,12%,9%,3%,4%,2%,2013
19–20 Dec,YouGov/Sunday Times,1886,34%,40%,9%,11%,2%,4%,6%,2013
18–19 Dec,Populus,2055,32%,40%,12%,8%,3%,5%,8%,2013
18–19 Dec,YouGov/The Sun,1784,34%,39%,11%,12%,1%,3%,5%,2013
17–18 Dec,YouGov/The Sun,1937,34%,38%,10%,11%,2%,5%,4%,2013
16–17 Dec,YouGov/The Sun,1791,33%,41%,10%,11%,2%,3%,8%,2013
15–16 Dec,YouGov/The Sun,1666,36%,38%,8%,11%,2%,5%,2%,2013
13–15 Dec,ComRes/Independent[permanent dead link],1003,32%,37%,9%,10%,5%,7%,5%,2013
13–15 Dec,Populus,2058,33%,40%,13%,8%,2%,4%,7%,2013
12–13 Dec,YouGov/Sunday Times,1846,32%,38%,9%,13%,2%,6%,6%,2013
11–13 Dec,ComRes/Sunday Mirror/Independent[permanent dead link],2027,29%,36%,8%,18%,4%,5%,7%,2013
10–13 Dec,Opinium/The Observer,1949,30%,37%,8%,16%,4%,5%,7%,2013
11–12 Dec,Populus,2024,33%,38%,13%,9%,3%,4%,5%,2013
11–12 Dec,YouGov/The Sun,1902,35%,39%,9%,11%,2%,4%,4%,2013
10–11 Dec,YouGov/The Sun,1916,33%,39%,9%,13%,2%,4%,6%,2013
9–10 Dec,YouGov/The Sun,1852,34%,39%,9%,12%,2%,4%,5%,2013
8–9 Dec,YouGov/The Sun,1766,33%,38%,10%,13%,2%,4%,5%,2013
7–9 Dec,Ipsos MORI/Evening Standard,1011,33%,37%,9%,10%,5%,6%,4%,2013
6–8 Dec,ICM/The Guardian[permanent dead link],1001,32%,37%,12%,9%,3%,6%,5%,2013
6–8 Dec,Populus,2027,33%,41%,11%,7%,3%,5%,8%,2013
5–6 Dec,YouGov/Sunday Times,1802,34%,39%,10%,11%,3%,3%,5%,2013
4–5 Dec,Populus,2038,34%,38%,13%,7%,3%,5%,4%,2013
4–5 Dec,YouGov/The Sun,1833,29%,41%,9%,14%,2%,5%,12%,2013
3–4 Dec,YouGov/The Sun,1943,34%,40%,10%,10%,3%,4%,6%,2013
2–3 Dec,YouGov/The Sun,1935,32%,40%,9%,12%,3%,4%,8%,2013
1–2 Dec,YouGov/The Sun,1699,32%,38%,10%,12%,2%,6%,6%,2013
29 Nov–1 Dec,Populus,2012,33%,40%,10%,9%,3%,5%,8%,2013
28–29 Nov,YouGov/Sunday Times,1796,30%,38%,10%,15%,2%,5%,8%,2013
26–29 Nov,Opinium/The Observer,1941,28%,35%,8%,19%,4%,6%,7%,2013
27–28 Nov,Populus,2025,35%,38%,12%,7%,3%,5%,3%,2013
27–28 Nov,YouGov/The Sun,1817,33%,39%,8%,14%,2%,4%,6%,2013
26–27 Nov,YouGov/The Sun,1888,32%,39%,10%,13%,2%,4%,7%,2013
25–26 Nov,YouGov/The Sun,1919,32%,39%,10%,12%,3%,4%,7%,2013
24–25 Nov,YouGov/The Sun,1681,32%,40%,10%,12%,2%,4%,8%,2013
22–24 Nov,ComRes/Independent[permanent dead link],1002,32%,37%,9%,11%,3%,8%,5%,2013
22–24 Nov,Populus,2075,34%,39%,12%,7%,2%,6%,5%,2013
21–22 Nov,Survation/Daily Star,1006,29%,36%,10%,18%,3%,4%,7%,2013
21–22 Nov,YouGov/Sunday Times,1867,33%,40%,9%,11%,2%,5%,7%,2013
20–21 Nov,Populus,2028,33%,38%,11%,11%,2%,5%,5%,2013
20–21 Nov,YouGov/The Sun,1909,32%,39%,10%,12%,2%,5%,7%,2013
19–20 Nov,YouGov/The Sun,1865,32%,40%,9%,12%,3%,4%,8%,2013
18–19 Nov,YouGov/The Sun,2108,34%,38%,10%,11%,2%,5%,4%,2013
17–18 Nov,YouGov/The Sun,1650,32%,39%,11%,12%,2%,4%,7%,2013
15–17 Nov,Populus,2010,32%,41%,10%,9%,2%,6%,9%,2013
14–15 Nov,YouGov/Sunday Times,1851,33%,39%,10%,12%,2%,4%,6%,2013
13–15 Nov,ComRes/Sunday Mirror/Independent[permanent dead link],2023,29%,35%,10%,17%,5%,4%,6%,2013
13–14 Nov,Populus,2051,31%,40%,11%,10%,3%,5%,9%,2013
13–14 Nov,YouGov/The Sun,1765,32%,40%,10%,13%,2%,3%,8%,2013
12–14 Nov,Opinium/The Observer,1946,28%,37%,9%,16%,4%,6%,9%,2013
12–13 Nov,YouGov/The Sun,1998,31%,39%,9%,13%,2%,6%,8%,2013
11–12 Nov,YouGov/The Sun,2032,32%,42%,8%,10%,3%,5%,10%,2013
10–11 Nov,YouGov/The Sun,1752,33%,40%,9%,11%,3%,4%,7%,2013
9–11 Nov,Ipsos MORI/Evening Standard,1019,32%,38%,8%,8%,7%,8%,6%,2013
7–11 Nov,TNS BMRB,1210,30%,38%,8%,12%,4%,7%,8%,2013
8–10 Nov,ICM/The Guardian,1004,30%,38%,13%,10%,3%,7%,8%,2013
8–10 Nov,Populus,2053,31%,39%,11%,10%,3%,6%,8%,2013
4–10 Nov,Lord Ashcroft,8053,30%,39%,8%,16%,3%,5%,9%,2013
7–8 Nov,YouGov/Sunday Times,1878,34%,39%,10%,11%,2%,4%,5%,2013
6–7 Nov,Populus,2019,32%,39%,12%,9%,3%,5%,7%,2013
6–7 Nov,YouGov/The Sun,1806,33%,39%,10%,11%,2%,5%,6%,2013
5–6 Nov,YouGov/The Sun,1825,33%,40%,9%,12%,3%,4%,7%,2013
4–5 Nov,YouGov/The Sun,1876,34%,40%,8%,11%,2%,6%,6%,2013
3–4 Nov,YouGov/The Sun,1747,33%,40%,9%,12%,2%,4%,7%,2013
1–3 Nov,Populus,2014,34%,39%,10%,10%,3%,4%,5%,2013
25 Sep–3 Nov,Populus,14701,34%,39%,12%,9%,3%,3%,5%,2013
31 Oct–1 Nov,YouGov/Sunday Times,1885,32%,41%,8%,12%,2%,5%,9%,2013
29 Oct–1 Nov,Opinium/The Observer,1957,31%,37%,7%,16%,3%,6%,6%,2013
30–31 Oct,Populus,2015,33%,40%,11%,9%,2%,5%,7%,2013
30–31 Oct,YouGov/The Sun,1671,35%,39%,9%,10%,2%,5%,4%,2013
29–30 Oct,YouGov/The Sun,1862,33%,40%,8%,11%,2%,6%,7%,2013
28–29 Oct,YouGov/The Sun,1956,33%,39%,10%,11%,2%,5%,6%,2013
27–28 Oct,YouGov/The Sun,1736,31%,40%,9%,12%,3%,5%,9%,2013
25–27 Oct,ComRes/Independent,1003,28%,36%,11%,12%,5%,8%,8%,2013
25–27 Oct,Populus,2065,33%,38%,12%,9%,3%,5%,5%,2013
25 Oct,Survation/Mail on Sunday,1000,29%,35%,12%,17%,2%,5%,6%,2013
24–25 Oct,YouGov/Sunday Times,1913,33%,39%,9%,12%,3%,5%,6%,2013
23–24 Oct,Populus,2011,34%,39%,11%,10%,3%,3%,5%,2013
23–24 Oct,YouGov/The Sun,1677,32%,38%,10%,13%,3%,5%,6%,2013
22–23 Oct,YouGov/The Sun,1895,32%,39%,9%,11%,3%,5%,7%,2013
21–22 Oct,YouGov/The Sun,2089,32%,40%,10%,13%,2%,3%,8%,2013
20–21 Oct,YouGov/The Sun,1735,33%,38%,9%,13%,2%,4%,5%,2013
18–21 Oct,Survation/Free Speech Network,1004,29%,37%,10%,16%,3%,4%,8%,2013
18–19 Oct,Populus,2018,34%,37%,14%,8%,3%,4%,3%,2013
17–18 Oct,YouGov/Sunday Times,2311,33%,39%,10%,11%,2%,5%,6%,2013
16–18 Oct,ComRes/Sunday Mirror/Independent,2001,32%,35%,9%,16%,3%,5%,3%,2013
15–18 Oct,Opinium/The Observer,1936,27%,38%,9%,17%,4%,4%,11%,2013
16–17 Oct,Populus,2043,33%,39%,12%,9%,2%,5%,6%,2013
16–17 Oct,YouGov/The Sun,1885,34%,40%,9%,11%,2%,4%,6%,2013
15–16 Oct,YouGov/The Sun,1914,35%,39%,8%,12%,2%,3%,4%,2013
14–15 Oct,YouGov/The Sun,1805,34%,39%,9%,11%,2%,5%,5%,2013
12–15 Oct,Ipsos MORI/Evening Standard,1004,35%,35%,9%,10%,4%,7%,Tie,2013
13–14 Oct,YouGov/The Sun,1857,37%,38%,10%,10%,2%,3%,1%,2013
10–14 Oct,TNS BMRB,1207,34%,36%,9%,13%,3%,5%,2%,2013
11–13 Oct,Populus,2042,34%,39%,12%,8%,3%,4%,5%,2013
11–13 Oct,ICM/The Guardian[15],1004,34%,38%,12%,8%,3%,5%,4%,2013
11 Oct,Survation/Mail on Sunday,1017,27%,37%,11%,18%,2%,5%,10%,2013
10–11 Oct,YouGov/Sunday Times,1773,34%,39%,9%,11%,3%,5%,5%,2013
9–10 Oct,Populus,2013,34%,39%,12%,8%,3%,4%,5%,2013
9–10 Oct,YouGov/The Sun,1859,33%,40%,10%,11%,2%,4%,7%,2013
8–9 Oct,YouGov/The Sun,1907,32%,38%,11%,13%,3%,3%,6%,2013
7–8 Oct,YouGov/The Sun,1879,33%,39%,10%,10%,3%,5%,6%,2013
6–7 Oct,YouGov/The Sun,1655,35%,39%,9%,10%,3%,3%,4%,2013
4–6 Oct,Populus,2050,33%,40%,10%,10%,3%,4%,7%,2013
3–4 Oct,YouGov/Sunday Times,1985,33%,38%,11%,13%,2%,3%,5%,2013
1–4 Oct,Opinium/The Observer,1948,31%,36%,7%,15%,4%,7%,5%,2013
2–3 Oct,Populus,2014,33%,38%,11%,10%,3%,5%,5%,2013
2–3 Oct,YouGov/The Sun,1883,35%,38%,9%,10%,2%,5%,3%,2013
1–2 Oct,YouGov/The Sun,1765,34%,40%,9%,10%,3%,4%,6%,2013
30 Sep–1 Oct,YouGov/The Sun,1914,31%,41%,8%,12%,2%,5%,10%,2013
29–30 Sep,YouGov/The Sun,1717,33%,39%,11%,13%,2%,3%,6%,2013
27–29 Sep,ComRes/Independent,1001,33%,37%,11%,11%,3%,5%,4%,2013
27–29 Sep,Populus,2006,36%,39%,11%,7%,3%,4%,3%,2013
26–27 Sep,YouGov/Sunday Times,1895,31%,42%,9%,13%,2%,4%,11%,2013
25–26 Sep,Populus,2015,34%,37%,12%,9%,2%,6%,3%,2013
25–26 Sep,YouGov/The Sun,1840,33%,40%,9%,11%,2%,5%,7%,2013
24–25 Sep,YouGov/The Sun,1919,32%,41%,8%,11%,3%,4%,9%,2013
23–24 Sep,YouGov/The Sun,1905,34%,39%,10%,10%,3%,4%,5%,2013
22–23 Sep,YouGov/The Sun,1763,32%,40%,10%,12%,2%,3%,8%,2013
14 Aug–22 Sep,Populus,14616,33%,38%,12%,9%,3%,5%,5%,2013
20–22 Sep,Populus,2036,33%,39%,14%,9%,2%,3%,6%,2013
19–20 Sep,YouGov/Sunday Times,1956,33%,37%,11%,11%,3%,5%,4%,2013
17–20 Sep,Opinium/The Observer,1929,29%,36%,7%,17%,4%,7%,7%,2013
18–19 Sep,Populus,2043,33%,39%,11%,9%,3%,5%,6%,2013
18–19 Sep,ComRes/Sunday Mirror/Independent[permanent dead link],2003,28%,36%,10%,17%,4%,5%,8%,2013
18–19 Sep,YouGov/The Sun,1878,34%,35%,11%,11%,3%,5%,1%,2013
17–18 Sep,YouGov/The Sun,1853,36%,36%,10%,12%,2%,4%,Tie,2013
16–17 Sep,YouGov/The Sun,1792,33%,37%,9%,13%,3%,4%,4%,2013
15–16 Sep,YouGov/The Sun,1636,34%,37%,10%,12%,3%,5%,3%,2013
12–16 Sep,TNS BMRB,1224,29%,39%,9%,14%,2%,7%,10%,2013
13–15 Sep,ICM/The Guardian[permanent dead link][15],1000,32%,36%,14%,9%,4%,5%,4%,2013
13–15 Sep,Populus,2053,33%,40%,11%,9%,2%,5%,7%,2013
12–13 Sep,YouGov/Sunday Times,1903,33%,38%,9%,12%,3%,5%,5%,2013
11–12 Sep,Populus,2018,34%,41%,10%,7%,3%,5%,7%,2013
11–12 Sep,YouGov/The Sun,1819,34%,38%,8%,13%,3%,5%,4%,2013
10–11 Sep,YouGov/The Sun,1719,32%,39%,10%,12%,2%,4%,7%,2013
9–10 Sep,YouGov/The Sun,1579,33%,39%,9%,11%,3%,5%,6%,2013
8–9 Sep,YouGov/The Sun,1615,33%,38%,8%,14%,3%,4%,5%,2013
7–9 Sep,Ipsos MORI/Evening Standard,1000,34%,37%,10%,11%,3%,5%,3%,2013
6–8 Sep,Populus,2025,34%,37%,13%,9%,2%,5%,3%,2013
5–6 Sep,YouGov/Sunday Times,1916,34%,38%,9%,12%,3%,4%,4%,2013
3–6 Sep,Opinium/The Observer,1942,30%,35%,7%,17%,4%,7%,5%,2013
4–5 Sep,Populus,2036,33%,37%,14%,8%,3%,4%,4%,2013
4–5 Sep,YouGov/The Sun,1891,31%,38%,10%,13%,2%,6%,7%,2013
3–4 Sep,YouGov/The Sun,1930,33%,39%,10%,12%,2%,5%,6%,2013
2–3 Sep,YouGov/The Sun,1978,33%,37%,9%,13%,3%,5%,4%,2013
1–2 Sep,YouGov/The Sun,1717,33%,40%,9%,12%,2%,5%,7%,2013
29 Aug–2 Sep,TNS BMRB,1230,28%,39%,11%,13%,3%,7%,11%,2013
30 Aug–1 Sep,Lord Ashcroft,1005,30%,35%,11%,14%,4%,6%,5%,2013
30 Aug–1 Sep,ComRes/Independent[permanent dead link],2000,31%,37%,12%,10%,4%,6%,6%,2013
30 Aug–1 Sep,Populus,2020,34%,38%,12%,8%,3%,4%,4%,2013
30–31 Aug,YouGov/Sunday Times,1822,31%,41%,9%,13%,2%,4%,10%,2013
30 Aug,Survation/Mail on Sunday,1002,29%,37%,11%,17%,2%,5%,8%,2013
28–29 Aug,Populus,2041,33%,39%,12%,9%,2%,5%,6%,2013
28–29 Aug,YouGov/The Sun,1954,33%,37%,10%,12%,3%,5%,4%,2013
27–28 Aug,YouGov/The Sun,1886,34%,37%,11%,12%,2%,5%,3%,2013
26–27 Aug,YouGov/The Sun,1991,34%,39%,8%,12%,2%,5%,5%,2013
23–26 Aug,Populus,2044,33%,37%,13%,10%,2%,5%,4%,2013
22–23 Aug,YouGov/Sunday Times,1949,32%,38%,10%,13%,3%,5%,6%,2013
20–23 Aug,Opinium/The Observer,1947,29%,36%,8%,18%,4%,5%,7%,2013
21–22 Aug,Populus,2050,30%,38%,12%,12%,3%,5%,8%,2013
21–22 Aug,YouGov/The Sun,1871,32%,39%,11%,10%,2%,5%,7%,2013
20–21 Aug,YouGov/The Sun,1858,34%,37%,9%,13%,3%,4%,3%,2013
19–20 Aug,YouGov/The Sun,1940,32%,39%,10%,12%,3%,4%,7%,2013
18–19 Aug,YouGov/The Sun,1729,31%,38%,10%,14%,3%,6%,7%,2013
16–18 Aug,Populus,2034,32%,38%,12%,11%,3%,4%,6%,2013
15–16 Aug,YouGov/Sunday Times,1866,32%,38%,10%,13%,3%,5%,6%,2013
14–15 Aug,Populus,2050,36%,39%,10%,8%,2%,5%,3%,2013
14–15 Aug,YouGov/The Sun,1865,34%,39%,9%,11%,2%,5%,5%,2013
14–15 Aug,ComRes/Sunday Mirror/Independent,2001,28%,37%,8%,19%,3%,5%,9%,2013
13–14 Aug,YouGov/The Sun,1914,32%,38%,11%,13%,2%,4%,6%,2013
12–13 Aug,YouGov/The Sun,1960,35%,38%,10%,11%,2%,5%,3%,2013
11–12 Aug,YouGov/The Sun,1660,33%,40%,8%,13%,2%,5%,7%,2013
10–12 Aug,Ipsos MORI/Evening Standard,1007,30%,40%,10%,11%,6%,3%,10%,2013
9–11 Aug,ICM/The Guardian[15],1001,32%,35%,14%,10%,3%,5%,3%,2013
9–11 Aug,Populus,2014,33%,39%,12%,10%,2%,4%,6%,2013
8–9 Aug,YouGov/Sunday Times,1834,33%,41%,9%,10%,3%,4%,8%,2013
7–8 Aug,YouGov/The Sun,1735,34%,38%,9%,12%,2%,5%,4%,2013
6–8 Aug,Opinium/The Observer,1945,29%,36%,9%,17%,3%,6%,7%,2013
6–7 Aug,YouGov/The Sun,1884,31%,39%,11%,11%,4%,4%,8%,2013
5–6 Aug,YouGov/The Sun,1979,32%,39%,10%,11%,2%,5%,7%,2013
4–5 Aug,YouGov/The Sun,1684,34%,38%,11%,12%,2%,5%,4%,2013
2–4 Aug,Populus,2006,33%,38%,12%,9%,3%,5%,5%,2013
2 Aug,Survation/Mail on Sunday,1001,28%,36%,11%,18%,1%,6%,8%,2013
1–2 Aug,YouGov/Sunday Times,1952,32%,38%,10%,13%,2%,5%,6%,2013
31 Jul–1 Aug,Populus,2027,29%,40%,11%,12%,3%,5%,11%,2013
31 Jul–1 Aug,YouGov/The Sun,1995,34%,40%,10%,11%,3%,2%,6%,2013
30–31 Jul,YouGov/The Sun,1869,33%,38%,10%,14%,2%,3%,5%,2013
29–30 Jul,YouGov/The Sun,1869,34%,40%,11%,10%,2%,4%,6%,2013
28–29 Jul,YouGov/The Sun,1751,33%,40%,10%,12%,2%,3%,7%,2013
26–28 Jul,Populus,2049,34%,39%,11%,8%,3%,5%,5%,2013
25–27 Jul,ComRes/Independent[permanent dead link],1001,34%,37%,10%,12%,4%,4%,3%,2013
25–26 Jul,YouGov/Sunday Times,1857,33%,39%,10%,11%,2%,5%,6%,2013
23–26 Jul,Opinium/The Observer,1935,28%,39%,8%,16%,3%,6%,11%,2013
24–25 Jul,Populus,2005,32%,39%,11%,10%,3%,5%,7%,2013
24–25 Jul,YouGov/The Sun,1817,32%,38%,11%,11%,3%,5%,6%,2013
23–24 Jul,YouGov/The Sun,1926,35%,39%,8%,11%,3%,4%,4%,2013
22–23 Jul,YouGov/The Sun,1968,32%,39%,11%,12%,2%,4%,7%,2013
21–22 Jul,YouGov/The Sun,1710,35%,38%,11%,10%,2%,4%,3%,2013
18–22 Jul,TNS BMRB,1232,28%,38%,9%,16%,2%,7%,10%,2013
19–21 Jul,Populus,2049,32%,39%,12%,9%,2%,6%,7%,2013
18–19 Jul,YouGov/Sunday Times,1877,32%,39%,10%,11%,2%,5%,7%,2013
17–18 Jul,YouGov/The Sun,1866,33%,38%,11%,11%,2%,5%,5%,2013
17–18 Jul,Populus,2004,31%,39%,12%,10%,3%,4%,8%,2013
16–17 Jul,YouGov/The Sun,1874,31%,37%,12%,13%,3%,5%,6%,2013
15–16 Jul,YouGov/The Sun,1965,32%,38%,10%,12%,2%,6%,6%,2013
14–15 Jul,YouGov/The Sun,1701,31%,40%,11%,11%,2%,7%,9%,2013
12–14 Jul,ICM/The Guardian[17],1003,36%,36%,13%,7%,3%,5%,Tie,2013
12–14 Jul,Populus,2044,31%,38%,13%,10%,4%,4%,7%,2013
11–12 Jul,YouGov/Sunday Times,1857,30%,41%,10%,13%,2%,4%,11%,2013
11–12 Jul,Survation/Mail on Sunday,1006,28%,36%,9%,20%,4%,3%,8%,2013
10–12 Jul,Opinium/The Observer,1951,27%,38%,6%,19%,4%,6%,11%,2013
10–11 Jul,ComRes/Sunday Mirror/Independent[permanent dead link],2021,28%,36%,8%,18%,4%,6%,8%,2013
9–10 Jul,YouGov/The Sun,1955,32%,37%,11%,12%,3%,4%,5%,2013
8–9 Jul,YouGov/The Sun,1938,31%,39%,10%,13%,3%,4%,8%,2013
7–8 Jul,YouGov/The Sun,1938,34%,40%,10%,10%,2%,4%,6%,2013
4–5 Jul,YouGov/Sunday Times,1660,33%,39%,11%,12%,2%,4%,6%,2013
3–4 Jul,YouGov/The Sun,1792,31%,39%,11%,12%,2%,5%,8%,2013
3 Jul,Survation/Mirror,1085,23%,36%,10%,22%,4%,5%,13%,2013
2–3 Jul,YouGov/The Sun,1923,32%,40%,9%,13%,2%,4%,8%,2013
1–2 Jul,YouGov/The Sun,1967,32%,40%,9%,12%,3%,4%,8%,2013
30 Jun–1 Jul,YouGov/The Sun,1620,33%,38%,8%,12%,2%,6%,5%,2013
27–28 Jun,YouGov/The Sunday Times,1967,33%,38%,11%,11%,2%,5%,5%,2013
25–28 Jun,Opinium/The Observer,1954,27%,37%,7%,19%,3%,7%,10%,2013
26–27 Jun,YouGov/The Sun,1920,33%,39%,10%,13%,3%,2%,6%,2013
25–26 Jun,YouGov/The Sun,1915,31%,42%,11%,10%,3%,4%,11%,2013
24–25 Jun,YouGov/The Sun,1860,32%,40%,11%,11%,2%,4%,8%,2013
23–24 Jun,YouGov/The Sun,1694,32%,39%,9%,12%,3%,4%,7%,2013
21–23 Jun,ComRes/Independent,1000,30%,36%,10%,14%,5%,4%,6%,2013
20–21 Jun,YouGov/Sunday Times,1916,31%,39%,10%,13%,3%,4%,8%,2013
19–20 Jun,YouGov/The Sun,1872,31%,39%,11%,14%,2%,3%,8%,2013
18–19 Jun,YouGov/The Sun,1847,32%,38%,10%,13%,2%,4%,6%,2013
17–18 Jun,YouGov/The Sun,1921,31%,38%,10%,12%,2%,6%,7%,2013
16–17 Jun,YouGov/The Sun,1705,31%,40%,10%,13%,2%,4%,9%,2013
13–14 Jun,YouGov/Sunday Times,1897,30%,39%,10%,14%,2%,5%,9%,2013
12–14 Jun,Opinium/The Observer,1942,27%,36%,7%,20%,3%,8%,9%,2013
12–13 Jun,ComRes/Sunday Mirror/Independent[permanent dead link],2041,26%,35%,10%,19%,4%,6%,9%,2013
12–13 Jun,YouGov/The Sun,1861,32%,39%,10%,12%,2%,5%,7%,2013
11–12 Jun,YouGov/The Sun,1926,30%,38%,11%,12%,3%,5%,8%,2013
10–11 Jun,YouGov/The Sun,1874,30%,38%,9%,16%,3%,4%,8%,2013
9–10 Jun,YouGov/The Sun,1689,28%,39%,11%,15%,2%,5%,11%,2013
8–10 Jun,Ipsos MORI/Evening Standard,1023,31%,35%,10%,12%,4%,8%,4%,2013
6–10 Jun,TNS BMRB,1208,27%,36%,8%,19%,3%,7%,9%,2013
7–9 Jun,ICM/The Guardian,1002,29%,36%,12%,12%,2%,8%,7%,2013
6–7 Jun,YouGov/Sunday Times,1836,30%,40%,9%,14%,2%,5%,10%,2013
5–6 Jun,YouGov/The Sun,1905,32%,39%,10%,13%,3%,3%,7%,2013
4–5 Jun,YouGov/The Sun,1939,30%,39%,10%,14%,3%,4%,9%,2013
3–4 Jun,YouGov/The Sun,1974,30%,40%,10%,14%,2%,4%,10%,2013
3 Jun,YouGov/The Sun,1387,31%,38%,10%,16%,2%,3%,7%,2013
30 May–3 Jun,TNS BMRB,1190,24%,37%,10%,19%,3%,7%,13%,2013
31 May–2 Jun,Lord Ashcroft,1007,27%,37%,9%,15%,,12%,10%,2013
30–31 May,YouGov/Sunday Times,1879,30%,39%,10%,15%,2%,4%,9%,2013
28–31 May,Opinium/The Observer,1948,26%,37%,6%,21%,4%,6%,11%,2013
30 May,Survation/Sun on Sunday,1007,25%,36%,10%,20%,4%,5%,11%,2013
29–30 May,YouGov/The Sun,1928,30%,38%,11%,14%,3%,4%,8%,2013
28–29 May,YouGov/The Sun,1915,30%,37%,11%,14%,3%,5%,7%,2013
17–29 May,Lord Ashcroft,20062,27%,38%,9%,18%,3%,5%,11%,2013
27–28 May,YouGov/The Sun,1995,29%,39%,10%,15%,3%,5%,10%,2013
24–26 May,ComRes/Independent[permanent dead link],1000,30%,34%,10%,17%,2%,7%,4%,2013
24 May,Survation/Mail on Sunday,1121,24%,35%,10%,22%,4%,5%,11%,2013
23–24 May,YouGov/Sunday Times,1839,30%,40%,10%,14%,2%,4%,10%,2013
22–24 May,ComRes/Open Europe,2003,26%,37%,9%,20%,3%,5%,11%,2013
22–23 May,YouGov/The Sun,1671,29%,42%,11%,13%,2%,4%,13%,2013
21–22 May,YouGov/The Sun,1810,29%,39%,11%,16%,1%,4%,10%,2013
20–21 May,YouGov/The Sun,1914,27%,38%,10%,16%,4%,5%,11%,2013
19–20 May,YouGov/The Sun,1770,31%,39%,10%,14%,2%,4%,8%,2013
17–18 May,Survation/Mail on Sunday,1000,24%,35%,11%,22%,0%,8%,11%,2013
16–17 May,YouGov/Sunday Times,1809,29%,40%,9%,14%,3%,5%,11%,2013
15–16 May,ComRes/Sunday Mirror/Independent[permanent dead link],2017,29%,35%,8%,19%,4%,5%,6%,2013
15–16 May,YouGov/The Sun,1774,31%,39%,9%,15%,2%,4%,8%,2013
14–16 May,Opinium/The Observer,1955,27%,37%,7%,20%,4%,5%,10%,2013
14–16 May,TNS BMRB,1264,28%,37%,7%,18%,4%,6%,9%,2013
14–15 May,YouGov/The Sun,1886,30%,40%,10%,14%,2%,5%,10%,2013
13–14 May,YouGov/The Sun,1900,30%,40%,10%,15%,2%,3%,10%,2013
12–13 May,YouGov/The Sun,1748,31%,38%,10%,14%,2%,5%,7%,2013
11–13 May,Ipsos MORI/Evening Standard,1009,31%,34%,10%,13%,5%,8%,3%,2013
10–12 May,ICM/The Guardian,1001,28%,34%,11%,18%,2%,7%,6%,2013
9–10 May,YouGov/Sunday Times,1945,30%,39%,9%,16%,3%,3%,9%,2013
8–9 May,YouGov/The Sun,1876,30%,39%,10%,14%,2%,4%,9%,2013
7–8 May,YouGov/The Sun,1931,27%,38%,11%,17%,2%,5%,11%,2013
6–7 May,YouGov/The Sun,2000,29%,39%,9%,16%,2%,5%,10%,2013
2–3 May,YouGov/Sunday Times,1959,30%,40%,11%,12%,2%,5%,10%,2013
2 May,"2013 United Kingdom local elections, and 2013 South Shields by-election.","2013 United Kingdom local elections, and 2013 South Shields by-election.","2013 United Kingdom local elections, and 2013 South Shields by-election.","2013 United Kingdom local elections, and 2013 South Shields by-election.","2013 United Kingdom local elections, and 2013 South Shields by-election.","2013 United Kingdom local elections, and 2013 South Shields by-election.","2013 United Kingdom local elections, and 2013 South Shields by-election.","2013 United Kingdom local elections, and 2013 South Shields by-election.","2013 United Kingdom local elections, and 2013 South Shields by-election.",2013
1–2 May,YouGov/The Sun,1851,32%,43%,9%,10%,1%,5%,11%,2013
30 Apr–2 May,Opinium/The Observer,1951,28%,35%,9%,17%,4%,7%,7%,2013
30 Apr–1 May,YouGov/The Sun,1784,33%,39%,10%,13%,2%,3%,6%,2013
29–30 Apr,YouGov/The Sun,1891,30%,39%,11%,14%,2%,4%,9%,2013
28–29 Apr,YouGov/The Sun,1632,30%,39%,11%,14%,3%,4%,9%,2013
26–28 Apr,ComRes/Independent[permanent dead link],1001,32%,38%,9%,13%,4%,4%,6%,2013
26–28 Apr,Survation/Mail on Sunday,1001,29%,36%,12%,16%,3%,5%,7%,2013
25–26 Apr,YouGov/Sunday Times,1898,31%,40%,11%,11%,3%,5%,9%,2013
24–25 Apr,YouGov/The Sun,1836,32%,40%,11%,12%,2%,3%,8%,2013
23–24 Apr,YouGov/The Sun,1997,31%,39%,10%,11%,3%,5%,8%,2013
22–23 Apr,YouGov/The Sun,1934,33%,40%,10%,12%,3%,3%,7%,2013
21–22 Apr,YouGov/The Sun,1722,32%,39%,11%,13%,2%,4%,7%,2013
18–19 Apr,YouGov/Sunday Times,1903,32%,40%,11%,10%,2%,5%,8%,2013
17–18 Apr,YouGov/The Sun,1912,33%,40%,10%,11%,2%,5%,7%,2013
16–18 Apr,Opinium/The Observer,1969,29%,35%,8%,17%,4%,7%,6%,2013
16–17 Apr,YouGov/The Sun,1937,30%,41%,10%,12%,2%,5%,11%,2013
15–16 Apr,YouGov/The Sun,1952,33%,40%,10%,11%,2%,4%,7%,2013
13–15 Apr,Ipsos MORI/Evening Standard,1010,29%,38%,10%,15%,4%,4%,9%,2013
14–15 Apr,YouGov/The Sun,1609,31%,39%,12%,12%,2%,4%,8%,2013
12–14 Apr,ICM/The Guardian,1005,32%,38%,15%,9%,2%,5%,6%,2013
12–13 Apr,Angus Reid Public Opinion,2004,27%,39%,8%,16%,3%,7%,12%,2013
11–12 Apr,YouGov/Sunday Times,1982,31%,42%,12%,11%,2%,3%,11%,2013
10–11 Apr,ComRes/Independent/Sunday Mirror[permanent dead link],2012,30%,38%,8%,15%,3%,6%,8%,2013
10–11 Apr,YouGov/The Sun,1976,32%,42%,9%,11%,2%,4%,10%,2013
9–10 Apr,YouGov/The Sun,2035,28%,42%,12%,11%,2%,5%,14%,2013
8–9 Apr,YouGov/The Sun,1893,33%,41%,10%,10%,2%,4%,8%,2013
7–8 Apr,YouGov/The Sun,1765,30%,40%,12%,12%,2%,4%,10%,2013
4–8 Apr,TNS BMRB,1184,25%,40%,10%,14%,4%,7%,15%,2013
4–5 Apr,YouGov/Sunday Times,1991,30%,40%,11%,13%,2%,4%,10%,2013
3–4 Apr,YouGov/The Sun,2013,30%,42%,11%,12%,2%,4%,12%,2013
2–4 Apr,Opinium/The Observer,1948,28%,38%,8%,17%,3%,6%,10%,2013
2–3 Apr,YouGov/The Sun,1994,33%,41%,9%,11%,2%,4%,8%,2013
1–2 Apr,YouGov/The Sun,1757,30%,43%,11%,10%,3%,3%,13%,2013
27–28 Mar,YouGov/The Sun,1918,29%,42%,11%,13%,2%,3%,13%,2013
26–27 Mar,YouGov/The Sun,1867,30%,40%,12%,13%,2%,3%,10%,2013
25–26 Mar,YouGov/The Sun,2047,30%,39%,13%,12%,2%,3%,9%,2013
24–25 Mar,YouGov/The Sun,1655,30%,41%,13%,11%,2%,4%,11%,2013
21–25 Mar,TNS BMRB,1204,27%,37%,10%,17%,3%,7%,10%,2013
22–24 Mar,ComRes/Independent[permanent dead link],1003,28%,38%,12%,14%,3%,5%,10%,2013
21–22 Mar,YouGov/Sunday Times,1937,30%,41%,12%,12%,2%,3%,11%,2013
20–21 Mar,YouGov/The Sun,1925,32%,41%,11%,10%,2%,4%,9%,2013
19–21 Mar,Opinium/The Observer,1958,28%,38%,9%,16%,2%,7%,10%,2013
19–20 Mar,YouGov/The Sun,1942,30%,41%,11%,12%,1%,5%,11%,2013
18–19 Mar,YouGov/The Sun,1920,31%,41%,11%,11%,2%,4%,10%,2013
17–18 Mar,YouGov/The Sun,1779,32%,40%,11%,10%,2%,4%,8%,2013
14–18 Mar,TNS BMRB,1205,26%,39%,13%,13%,2%,6%,13%,2013
14–15 Mar,YouGov/Sunday Times,1918,29%,41%,12%,12%,2%,4%,12%,2013
13–14 Mar,ComRes/Sunday Mirror/Independent[permanent dead link],2015,28%,37%,9%,17%,4%,5%,9%,2013
13–14 Mar,YouGov/The Sun,1962,30%,42%,11%,11%,2%,5%,12%,2013
12–13 Mar,YouGov/The Sun,1871,31%,40%,11%,12%,3%,4%,9%,2013
11–12 Mar,YouGov/The Sun,1969,29%,43%,11%,12%,1%,4%,14%,2013
10–11 Mar,YouGov/The Sun,1684,32%,40%,11%,11%,1%,5%,8%,2013
9–11 Mar,Ipsos MORI/Evening Standard,1009,27%,40%,11%,13%,4%,5%,13%,2013
7–11 Mar,TNS BMRB,1191,25%,38%,11%,15%,3%,7%,13%,2013
8–10 Mar,ICM/The Guardian,1002,31%,39%,15%,7%,2%,6%,8%,2013
7–8 Mar,YouGov/Sunday Times,1525,31%,41%,12%,11%,1%,4%,10%,2013
6–7 Mar,YouGov/The Sun,1865,32%,41%,11%,11%,2%,4%,9%,2013
5–7 Mar,Opinium/The Observer,1950,27%,39%,8%,17%,3%,6%,12%,2013
5–6 Mar,YouGov/The Sun,1964,31%,41%,11%,12%,2%,4%,10%,2013
4–5 Mar,YouGov/The Sun,1906,29%,42%,11%,12%,2%,4%,13%,2013
3–4 Mar,YouGov/The Sun,1727,31%,40%,12%,12%,1%,5%,9%,2013
28 Feb–4 Mar,TNS BMRB,1194,29%,38%,11%,14%,3%,6%,9%,2013
28 Feb–1 Mar,YouGov/Sunday Times,1897,31%,42%,10%,11%,2%,3%,11%,2013
28 Feb,2013 Eastleigh by-election.,2013 Eastleigh by-election.,2013 Eastleigh by-election.,2013 Eastleigh by-election.,2013 Eastleigh by-election.,2013 Eastleigh by-election.,2013 Eastleigh by-election.,2013 Eastleigh by-election.,2013 Eastleigh by-election.,2013
27–28 Feb,YouGov/The Sun,1761,29%,42%,12%,11%,2%,4%,13%,2013
26–27 Feb,YouGov/The Sun,1966,32%,43%,11%,8%,1%,5%,11%,2013
25–26 Feb,YouGov/The Sun,1925,32%,42%,12%,9%,1%,5%,10%,2013
24–25 Feb,YouGov/The Sun,1704,32%,44%,10%,8%,2%,4%,12%,2013
22–24 Feb,YouGov/The Sunday Times,1964,32%,43%,11%,9%,2%,3%,11%,2013
22–24 Feb,ComRes/Independent,1005,31%,43%,8%,9%,4%,5%,12%,2013
20–21 Feb,YouGov/The Sun,1920,31%,45%,11%,9%,2%,2%,14%,2013
19–21 Feb,Opinium/The Observer,1956,29%,41%,8%,13%,2%,7%,12%,2013
19–20 Feb,YouGov/The Sun,1968,33%,43%,9%,10%,2%,3%,10%,2013
18–19 Feb,YouGov/The Sun,1855,29%,44%,11%,11%,1%,4%,15%,2013
17–18 Feb,YouGov/The Sun,1713,32%,41%,12%,8%,2%,4%,9%,2013
14–18 Feb,TNS BMRB,1211,29%,38%,11%,12%,3%,7%,9%,2013
14–15 Feb,YouGov/Sunday Times,1871,32%,43%,12%,9%,1%,3%,11%,2013
13–14 Feb,ComRes/Sunday Mirror/Independent[permanent dead link],2002,31%,36%,8%,14%,4%,6%,5%,2013
13–14 Feb,YouGov/The Sun,1892,31%,42%,11%,10%,2%,3%,11%,2013
12–13 Feb,YouGov/The Sun,1946,32%,42%,9%,9%,3%,4%,10%,2013
11–12 Feb,YouGov/The Sun,1902,32%,43%,10%,9%,2%,4%,11%,2013
10–11 Feb,YouGov/The Sun,1691,31%,42%,11%,9%,2%,5%,11%,2013
9–11 Feb,Ipsos MORI/Evening Standard,1018,30%,42%,7%,9%,4%,8%,12%,2013
7–11 Feb,TNS BMRB,1197,31%,41%,10%,10%,3%,5%,10%,2013
8–10 Feb,ICM/The Guardian,1001,29%,41%,13%,9%,2%,6%,12%,2013
7–8 Feb,YouGov/Sunday Times,1930,32%,41%,11%,9%,2%,5%,9%,2013
6–7 Feb,YouGov/The Sun,1917,33%,41%,11%,9%,2%,4%,8%,2013
5–7 Feb,Opinium/The Observer,1953,29%,39%,8%,14%,4%,5%,10%,2013
5–6 Feb,YouGov/The Sun,1955,31%,42%,12%,9%,1%,4%,11%,2013
4–5 Feb,YouGov/The Sun,1962,32%,42%,11%,8%,2%,5%,10%,2013
3–4 Feb,YouGov/The Sun,1712,30%,45%,11%,9%,2%,3%,15%,2013
31 Jan–4 Feb,TNS BMRB,1199,28%,41%,10%,11%,3%,7%,13%,2013
31 Jan–1 Feb,YouGov/Sunday Times,2030,34%,41%,12%,8%,1%,4%,7%,2013
30–31 Jan,YouGov/The Sun,1914,32%,44%,10%,8%,2%,3%,12%,2013
29–30 Jan,YouGov/The Sun,1939,33%,42%,10%,7%,2%,5%,9%,2013
28–29 Jan,YouGov/The Sun,1971,33%,42%,11%,8%,2%,4%,9%,2013
27–28 Jan,YouGov/The Sun,1727,35%,41%,10%,9%,2%,3%,6%,2013
25–27 Jan,ComRes/Independent[permanent dead link],1002,32%,39%,10%,10%,5%,4%,7%,2013
25 Jan,Survation/Mail on Sunday,1005,31%,38%,10%,14%,2%,5%,7%,2013
24–25 Jan,YouGov/Sunday Times,1943,35%,41%,12%,7%,1%,4%,6%,2013
24–25 Jan,Angus Reid Public Opinion,2004,30%,39%,10%,12%,3%,6%,9%,2013
23–25 Jan,ComRes/Sunday Mirror/Independent,2035,33%,39%,11%,10%,2%,5%,6%,2013
23–24 Jan,YouGov/The Sun,1843,33%,43%,10%,9%,2%,3%,10%,2013
22–24 Jan,Opinium/The Observer,1949,28%,41%,8%,14%,3%,6%,13%,2013
22–24 Jan,TNS BMRB,1237,31%,41%,8%,12%,3%,6%,10%,2013
22–23 Jan,YouGov/The Sun,2045,31%,43%,11%,10%,2%,3%,12%,2013
21–22 Jan,YouGov/The Sun,2119,31%,41%,12%,10%,2%,3%,10%,2013
20–21 Jan,YouGov/The Sun,1675,33%,42%,10%,10%,2%,2%,9%,2013
18–20 Jan,ICM/The Guardian,1001,33%,38%,15%,6%,2%,5%,5%,2013
17–18 Jan,YouGov/Sunday Times,1912,33%,42%,11%,7%,2%,5%,9%,2013
16–17 Jan,YouGov/The Sun,1887,34%,44%,9%,8%,2%,3%,10%,2013
15–16 Jan,YouGov/The Sun,1880,33%,42%,12%,8%,2%,3%,9%,2013
14–15 Jan,YouGov/The Sun,2007,32%,44%,10%,9%,2%,3%,12%,2013
13–14 Jan,YouGov/The Sun,1714,31%,44%,11%,9%,2%,3%,13%,2013
12–14 Jan,Ipsos MORI/Evening Standard,1015,30%,43%,8%,9%,3%,8%,13%,2013
11–14 Jan,TNS BMRB,1198,31%,37%,9%,13%,3%,7%,6%,2013
10–11 Jan,YouGov/Sunday Times,1995,31%,44%,11%,8%,2%,4%,13%,2013
10–11 Jan,Angus Reid Public Opinion,2015,27%,42%,10%,11%,3%,6%,15%,2013
8–11 Jan,Opinium/The Observer,1964,31%,41%,7%,12%,2%,9%,10%,2013
9–10 Jan,YouGov/The Sun,1971,31%,42%,11%,10%,2%,3%,11%,2013
8–9 Jan,YouGov/The Sun,1980,33%,43%,10%,10%,2%,2%,10%,2013
7–8 Jan,YouGov/The Sun,2050,32%,44%,10%,9%,2%,3%,12%,2013
6–7 Jan,YouGov/The Sun,1750,32%,41%,11%,9%,2%,5%,9%,2013
4–7 Jan,TNS BMRB,1221,29%,39%,10%,12%,3%,7%,10%,2013
5 Jan,Survation/Mail on Sunday,790,29%,38%,11%,16%,3%,4%,9%,2013
3–4 Jan,YouGov/The Sun,1988,32%,43%,10%,9%,2%,4%,11%,2013
2–3 Jan,YouGov/The Sun,2005,32%,43%,10%,9%,2%,4%,11%,2013
1–2 Jan,YouGov/The Sun,1760,31%,43%,11%,9%,2%,4%,12%,2013
